Found no POS for lemma aborigini
Found no POS for lemma 
Found no POS for lemma torkunta
Found no POS for lemma konttikuntura
Found no POS for lemma ytimetön
Found no POS for lemma ytimetön
Found no POS for lemma ytimetön
Found no POS for lemma ađđii
Found no POS for lemma ađđes
Found no POS for lemma affektiivi
Found no POS for lemma eliniäksi
Found no POS for lemma ikikuunapäivänä
Found no POS for lemma ikä
Found no POS for lemma ähäkutti!
Found no POS for lemma ähäkutti!
Found no POS for lemma aiggirdit
Found no POS for lemma hätkähtäen
Found no POS for lemma aisttanmearka
Found no POS for lemma -pa
Found no POS for lemma -pä
Found no POS for lemma -han
Found no POS for lemma -hän
Found no POS for lemma akásia
Found no POS for lemma akrobatiija
Found no POS for lemma osalle
Found no POS for lemma alabahkkejeaddji
Found no POS for lemma alaguoddi
Found no POS for lemma alavuoddji
Found no POS for lemma ylennellä
Found no POS for lemma kohotella
Found no POS for lemma korotella
Found no POS for lemma tunturiin
Found no POS for lemma lapinnätä
Found no POS for lemma todellisuudessa
Found no POS for lemma kaverikseen
Found no POS for lemma ilti
Found no POS for lemma kauto
Found no POS for lemma kaudolla
Found no POS for lemma ale
Found no POS for lemma älä
Found no POS for lemma alfabeahtta
Found no POS for lemma ien
Found no POS for lemma ien
Found no POS for lemma ien
Found no POS for lemma alibučča
Found no POS for lemma alimat
Found no POS for lemma kupeet
Found no POS for lemma lanteet
Found no POS for lemma korkein
Found no POS for lemma alin
Found no POS for lemma korkeampi
Found no POS for lemma ylempisäätyinen
Found no POS for lemma korkeasarvinen
Found no POS for lemma alladas
Found no POS for lemma alladasballu
Found no POS for lemma korkeuksissa
Found no POS for lemma korkeuksiin
Found no POS for lemma korkeuteen
Found no POS for lemma kovääninen
Found no POS for lemma korkeamessu
Found no POS for lemma korkeasukuinen
Found no POS for lemma korkekoulutus
Found no POS for lemma ylimistö
Found no POS for lemma korkeasäätyinen
Found no POS for lemma korkeakouluopinnot
Found no POS for lemma korkeasyntyinen
Found no POS for lemma korkeammalle
Found no POS for lemma korkeammalle
Found no POS for lemma korkeammalla
Found no POS for lemma korkeammalla
Found no POS for lemma allergihkkár
Found no POS for lemma allergiseret
Found no POS for lemma alliánsa
Found no POS for lemma alligáhtor
Found no POS for lemma almmáštahkes
Found no POS for lemma almmosvuoigatvuođalaš
Found no POS for lemma almmosvuoigatvuohta
Found no POS for lemma julkistamaton
Found no POS for lemma julkaisematta
Found no POS for lemma julkistamatta
Found no POS for lemma ilmestymätön
Found no POS for lemma ilmestymättä
Found no POS for lemma 
Found no POS for lemma korkeudeltaan
Found no POS for lemma aman
Found no POS for lemma jottet
Found no POS for lemma jottet
Found no POS for lemma jottet
Found no POS for lemma amfiteáhter
Found no POS for lemma eiköhän
Found no POS for lemma kaipa
Found no POS for lemma -han
Found no POS for lemma -hän
Found no POS for lemma ammoniáhkka
Found no POS for lemma amplituda
Found no POS for lemma amplituudi
Found no POS for lemma amuleahtta
Found no POS for lemma analfabeahtta
Found no POS for lemma anáhahkes
Found no POS for lemma anginá
Found no POS for lemma angina
Found no POS for lemma anoda
Found no POS for lemma anorektihkkár
Found no POS for lemma ansikta
Found no POS for lemma kasvot
Found no POS for lemma antibiohtta
Found no POS for lemma antikvariáhtta
Found no POS for lemma antipáhtalaš
Found no POS for lemma antisosiálalaš
Found no POS for lemma yhteiskuntavastainen
Found no POS for lemma apmasaččat
Found no POS for lemma arat
Found no POS for lemma arahis
Found no POS for lemma arená
Found no POS for lemma aristokráhtta
Found no POS for lemma arkistokraatti
Found no POS for lemma aromá
Found no POS for lemma artišohkká
Found no POS for lemma artrosa
Found no POS for lemma arvigoahtit
Found no POS for lemma arvvot
Found no POS for lemma paksuna
Found no POS for lemma höpertää
Found no POS for lemma asessor
Found no POS for lemma askesa
Found no POS for lemma asosiálalaš
Found no POS for lemma paksuin
Found no POS for lemma paksumpi
Found no POS for lemma asteroida
Found no POS for lemma jouto
Found no POS for lemma paksuudeltaan
Found no POS for lemma vahvuudeltaan
Found no POS for lemma paantua
Found no POS for lemma ateljea
Found no POS for lemma pitovaatteet
Found no POS for lemma atoma-
Found no POS for lemma attašea
Found no POS for lemma lahjaksi
Found no POS for lemma audiovisuálalaš
Found no POS for lemma auskulteret
Found no POS for lemma autsralialainen
Found no POS for lemma omaelämänkerta
Found no POS for lemma autobiográfalaš
Found no POS for lemma autobiograafinen
Found no POS for lemma omaelämänkerrallinen
Found no POS for lemma auroritatiivi
Found no POS for lemma autoritatiivinen
Found no POS for lemma autoriteara
Found no POS for lemma autoritearalaš
Found no POS for lemma avoseahtta
Found no POS for lemma vyö
Found no POS for lemma avvidit
Found no POS for lemma tulvaa
Found no POS for lemma ábárrot
Found no POS for lemma áberávkkostit
Found no POS for lemma ábet
Found no POS for lemma ape
Found no POS for lemma liemus
Found no POS for lemma ape
Found no POS for lemma liemus
Found no POS for lemma adelolmmái
Found no POS for lemma ádjánuššat
Found no POS for lemma ádjášguovttos
Found no POS for lemma ádjoeana
Found no POS for lemma aro
Found no POS for lemma aro
Found no POS for lemma tehokkaammin
Found no POS for lemma áđamusvuohta
Found no POS for lemma parhaimmuus
Found no POS for lemma syy
Found no POS for lemma ággadus
Found no POS for lemma ággái
Found no POS for lemma ággás
Found no POS for lemma ággii
Found no POS for lemma ágges
Found no POS for lemma juomuskoukku
Found no POS for lemma juomusvarpa
Found no POS for lemma águrká
Found no POS for lemma áhcagaddat
Found no POS for lemma rehto
Found no POS for lemma isäkulta!
Found no POS for lemma isä
Found no POS for lemma háhteš
Found no POS for lemma áhčešguovttos
Found no POS for lemma áhčieana
Found no POS for lemma isättömänä
Found no POS for lemma áhkáhuš
Found no POS for lemma áhkkubašguovttos
Found no POS for lemma áhpásmahttosat
Found no POS for lemma virvokkeet
Found no POS for lemma leveäpyrstökihu
Found no POS for lemma áhpen
Found no POS for lemma áhpit
Found no POS for lemma voimat
Found no POS for lemma apu
Found no POS for lemma áhput
Found no POS for lemma áhtesmielalaš
Found no POS for lemma aŧešmielalaš
Found no POS for lemma áhtesteaddji
Found no POS for lemma áhtestit
Found no POS for lemma áhttor
Found no POS for lemma áibanit
Found no POS for lemma áibmodieđalaš
Found no POS for lemma áibmodivttes
Found no POS for lemma áibmofámut
Found no POS for lemma ilmavoimat
Found no POS for lemma áibmoláktajeaddji
Found no POS for lemma ilmavoimat
Found no POS for lemma áibmudit
Found no POS for lemma huomaamatta
Found no POS for lemma havaitsematta
Found no POS for lemma áiccanas
Found no POS for lemma kaarretta
Found no POS for lemma aitauttaa
Found no POS for lemma aitatyö
Found no POS for lemma áidnabárás
Found no POS for lemma aitatyö
Found no POS for lemma áigáibuktit
Found no POS for lemma aikaansaattaa
Found no POS for lemma -áigásaš
Found no POS for lemma -aikainen
Found no POS for lemma áigeheivvolaš
Found no POS for lemma aie
Found no POS for lemma melkoisen
Found no POS for lemma 
Found no POS for lemma -áiggáš
Found no POS for lemma -aikainen
Found no POS for lemma áiggegolan
Found no POS for lemma áiggirdit
Found no POS for lemma áiggolaš
Found no POS for lemma määräaikaisraportointi
Found no POS for lemma aikomattaan
Found no POS for lemma tarkoituksella
Found no POS for lemma aie
Found no POS for lemma áiguvaš
Found no POS for lemma áilegas
Found no POS for lemma áimmahas
Found no POS for lemma áinnádahttit
Found no POS for lemma áinnádit
Found no POS for lemma áinnot
Found no POS for lemma puu
Found no POS for lemma airopuu
Found no POS for lemma paikkauspuu
Found no POS for lemma áitálastit
Found no POS for lemma áitalus
Found no POS for lemma áitaruššat
Found no POS for lemma peruspuu
Found no POS for lemma áittus
Found no POS for lemma oja
Found no POS for lemma ájašit
Found no POS for lemma ájáhahkes
Found no POS for lemma 
Found no POS for lemma ákčáhallat
Found no POS for lemma 
Found no POS for lemma ákkaras
Found no POS for lemma hangaspyynti
Found no POS for lemma kiduskaarenluu
Found no POS for lemma ákkirduvvat
Found no POS for lemma hangas
Found no POS for lemma ákšostallat
Found no POS for lemma <em>
Found no POS for lemma alastomana
Found no POS for lemma hentokorte
Found no POS for lemma álástallat
Found no POS for lemma álbmet
Found no POS for lemma talkoot
Found no POS for lemma joukolla
Found no POS for lemma väestötilastot
Found no POS for lemma álbmotvierut
Found no POS for lemma kansantavat
Found no POS for lemma áldduiduvvat
Found no POS for lemma ainaisesti
Found no POS for lemma alkupuolelle
Found no POS for lemma alkupäässä
Found no POS for lemma álggohas
Found no POS for lemma álgguviđá
Found no POS for lemma alkuaikoina
Found no POS for lemma alkutilainen
Found no POS for lemma álgoeallit
Found no POS for lemma alkueläimet
Found no POS for lemma uranuurtava
Found no POS for lemma alkeet
Found no POS for lemma alkuperäissuunnitelma
Found no POS for lemma -álgosaš
Found no POS for lemma -alkuinen
Found no POS for lemma -peräinen
Found no POS for lemma alkusanat
Found no POS for lemma álgoviđábákti
Found no POS for lemma alkuperäistodistus
Found no POS for lemma alkuperäriika
Found no POS for lemma álguibiddji
Found no POS for lemma álkkes/álkis
Found no POS for lemma helpoimmin
Found no POS for lemma helpompi
Found no POS for lemma helpommuus
Found no POS for lemma kallahtaa
Found no POS for lemma álledastit
Found no POS for lemma kallistuttaa
Found no POS for lemma állui
Found no POS for lemma állos
Found no POS for lemma álmmáiduvvat
Found no POS for lemma väljähtyneisyys
Found no POS for lemma álmmis
Found no POS for lemma ainavihreä
Found no POS for lemma álosmit
Found no POS for lemma álpái
Found no POS for lemma álpás
Found no POS for lemma álppástit
Found no POS for lemma álšii
Found no POS for lemma álšes
Found no POS for lemma álššat
Found no POS for lemma álu-
Found no POS for lemma áluiduvvat
Found no POS for lemma jälsikerrosta
Found no POS for lemma kasvot
Found no POS for lemma ámmozan!
Found no POS for lemma herranterttu!
Found no POS for lemma kultaseni!
Found no POS for lemma ánoldat
Found no POS for lemma ane
Found no POS for lemma ánoldatgávpi
Found no POS for lemma anoskella
Found no POS for lemma ansaitsematta
Found no POS for lemma ánuhahkes
Found no POS for lemma kerjäillä
Found no POS for lemma appsi
Found no POS for lemma ape
Found no POS for lemma ábet
Found no POS for lemma ape
Found no POS for lemma aiemmaksi
Found no POS for lemma varhemmaksi
Found no POS for lemma varhaisin
Found no POS for lemma aikaisimmin
Found no POS for lemma aikaisimmin
Found no POS for lemma aikaisempi
Found no POS for lemma varhaisempi
Found no POS for lemma árbedaddat
Found no POS for lemma árbeeana
Found no POS for lemma perintömaa
Found no POS for lemma pelokkaaksi
Found no POS for lemma árggar
Found no POS for lemma árggas
Found no POS for lemma árjádit
Found no POS for lemma árjjidit
Found no POS for lemma säälittävyys
Found no POS for lemma surkeana
Found no POS for lemma säälittävästi
Found no POS for lemma árku
Found no POS for lemma árpašuhkes
Found no POS for lemma árbašuhkes
Found no POS for lemma árpašustit
Found no POS for lemma naarmuja
Found no POS for lemma árbašustit
Found no POS for lemma naarmuja
Found no POS for lemma armahdella
Found no POS for lemma armahtamaton
Found no POS for lemma árpmoškuššat
Found no POS for lemma árpmot
Found no POS for lemma ihmeesä
Found no POS for lemma säälistä
Found no POS for lemma /em>lankarulla
Found no POS for lemma varhaislehti
Found no POS for lemma varhaismetallikausi
Found no POS for lemma liedellinen
Found no POS for lemma liedellinen
Found no POS for lemma varheta
Found no POS for lemma árra-
Found no POS for lemma varhaiskantasaame
Found no POS for lemma varhaiskantasuomi
Found no POS for lemma árrásaddat
Found no POS for lemma syy
Found no POS for lemma ártnjihit
Found no POS for lemma ártnut
Found no POS for lemma árváduslaš
Found no POS for lemma árveš
Found no POS for lemma árves
Found no POS for lemma árvovalta
Found no POS for lemma /em>arvostettu
Found no POS for lemma árvudit
Found no POS for lemma arvossapidetty
Found no POS for lemma asuskella
Found no POS for lemma áskarat
Found no POS for lemma áskár
Found no POS for lemma keitokset
Found no POS for lemma asunto-olot
Found no POS for lemma áster
Found no POS for lemma ástmátihkkár
Found no POS for lemma ásta
Found no POS for lemma syytteeseen
Found no POS for lemma syytteessäolo
Found no POS for lemma oikeudenkäyntikulut
Found no POS for lemma syy
Found no POS for lemma átnjal
Found no POS for lemma kerjäilevä
Found no POS for lemma átnudit
Found no POS for lemma átnuvaš
Found no POS for lemma áttán
Found no POS for lemma aavistamatta
Found no POS for lemma kunnottomuus
Found no POS for lemma kelvottomaksi
Found no POS for lemma epäluotettavaksi
Found no POS for lemma luotettavammaksi
Found no POS for lemma luotettavammaksi
Found no POS for lemma ávdnedaddat
Found no POS for lemma ávgadasvuohta
Found no POS for lemma ávjái
Found no POS for lemma ávjás
Found no POS for lemma ávjo-
Found no POS for lemma ávjodoalaheapme
Found no POS for lemma ávjodoalahis
Found no POS for lemma tylsymätön
Found no POS for lemma ávjos
Found no POS for lemma ávli
Found no POS for lemma aineopinnot
Found no POS for lemma ávnnasoahput
Found no POS for lemma aineopinnot
Found no POS for lemma muotoilemaan
Found no POS for lemma ávŋŋaldat
Found no POS for lemma ávttat
Found no POS for lemma synnytyspoltot
Found no POS for lemma ávva
Found no POS for lemma ávvodoalut
Found no POS for lemma ávvomeanut
Found no POS for lemma juhlallisuudet
Found no POS for lemma juhlamenot
Found no POS for lemma ilo
Found no POS for lemma ávvui
Found no POS for lemma ávvos
Found no POS for lemma ávžái
Found no POS for lemma ávžás
Found no POS for lemma suosite
Found no POS for lemma -pa
Found no POS for lemma -pä
Found no POS for lemma badjebázalaš
Found no POS for lemma badjeeana
Found no POS for lemma badjeleksponeret
Found no POS for lemma korkeammalle
Found no POS for lemma korkeammalle
Found no POS for lemma korkeammalla
Found no POS for lemma korkeampaa
Found no POS for lemma korkeammalla
Found no POS for lemma korkeampaa
Found no POS for lemma badjelriikkalaš
Found no POS for lemma badjelvuoddji
Found no POS for lemma pororikas
Found no POS for lemma muistissa
Found no POS for lemma badjosat
Found no POS for lemma ylämaalla
Found no POS for lemma ylämaalle
Found no POS for lemma takamuksilleen
Found no POS for lemma bađvvut
Found no POS for lemma piukassa
Found no POS for lemma baggadit
Found no POS for lemma bahábeakkán
Found no POS for lemma pahaksi
Found no POS for lemma pahemmasti
Found no POS for lemma baháguren
Found no POS for lemma bahájuonastallat
Found no POS for lemma bahájuonastit
Found no POS for lemma pahus!
Found no POS for lemma bihákas
Found no POS for lemma esineet
Found no POS for lemma pahin
Found no POS for lemma pahapäinen
Found no POS for lemma bahážagat
Found no POS for lemma pahanmakuiseksi
Found no POS for lemma bahčahái-
Found no POS for lemma bahččudit
Found no POS for lemma karvaalta
Found no POS for lemma karvaalta
Found no POS for lemma lypsäistä
Found no POS for lemma lypsäistä
Found no POS for lemma bahčinlihti
Found no POS for lemma bahčinoamit
Found no POS for lemma bohčinoamit
Found no POS for lemma vastalypsettynä
Found no POS for lemma vastalypsettynä
Found no POS for lemma bahkkedallat
Found no POS for lemma sulloskella
Found no POS for lemma 
Found no POS for lemma bahohallat
Found no POS for lemma 
Found no POS for lemma häijyillä
Found no POS for lemma 
Found no POS for lemma baholasvuohta
Found no POS for lemma pahaksi
Found no POS for lemma kurmupaarma
Found no POS for lemma bahttái
Found no POS for lemma rehevätakamuksinen
Found no POS for lemma bahttás
Found no POS for lemma rehevätakamuksinen
Found no POS for lemma bahttii
Found no POS for lemma rehevätakamuksinen
Found no POS for lemma bahttes
Found no POS for lemma rehevätakamuksinen
Found no POS for lemma bahttát
Found no POS for lemma baigat
Found no POS for lemma baiget
Found no POS for lemma baiggahas
Found no POS for lemma paska
Found no POS for lemma kakkapylly
Found no POS for lemma umpihumalassa
Found no POS for lemma räkäkännissä
Found no POS for lemma baikaluhttit
Found no POS for lemma baikaluvvat
Found no POS for lemma ulosteessa
Found no POS for lemma saastassa
Found no POS for lemma baikás
Found no POS for lemma kohotella
Found no POS for lemma bajálaštit
Found no POS for lemma bajáldas
Found no POS for lemma /em>ylimpänä
Found no POS for lemma /em>ylimmäksi
Found no POS for lemma /em>ylimpänä
Found no POS for lemma /em>ylimmäksi
Found no POS for lemma bajostallat
Found no POS for lemma tunturilaukkaheinä
Found no POS for lemma bajus
Found no POS for lemma bajuštit
Found no POS for lemma pyy
Found no POS for lemma kalsu
Found no POS for lemma balččas
Found no POS for lemma peloke
Found no POS for lemma 
Found no POS for lemma kauhean
Found no POS for lemma pelästyttämäksi
Found no POS for lemma balddástuvvat
Found no POS for lemma pelästyttämäksi
Found no POS for lemma pelästyttämään
Found no POS for lemma peläke
Found no POS for lemma peloke
Found no POS for lemma peloke
Found no POS for lemma peläke
Found no POS for lemma peloke
Found no POS for lemma kauhean
Found no POS for lemma baldos
Found no POS for lemma säikähdellä
Found no POS for lemma balleriidna
Found no POS for lemma balleriina
Found no POS for lemma /em>peloissaan
Found no POS for lemma runsasmättäinen
Found no POS for lemma runsasmättäinen
Found no POS for lemma balsii
Found no POS for lemma runsasmättäinen
Found no POS for lemma balses
Found no POS for lemma runsasmättäinen
Found no POS for lemma balssadat
Found no POS for lemma pounikko
Found no POS for lemma balvvádahttit
Found no POS for lemma -pa
Found no POS for lemma -pä
Found no POS for lemma -kos
Found no POS for lemma -kös
Found no POS for lemma kehräillä
Found no POS for lemma kehräillä
Found no POS for lemma kehräytellä
Found no POS for lemma kehruutella
Found no POS for lemma kehräytellä
Found no POS for lemma kehruutella
Found no POS for lemma kehräillä
Found no POS for lemma kehräillä
Found no POS for lemma kehruutyö
Found no POS for lemma kehruutyö
Found no POS for lemma ladoskella
Found no POS for lemma ladoskella
Found no POS for lemma borddáldat
Found no POS for lemma pitkäkarvaisena
Found no POS for lemma pitkäkarvaisena
Found no POS for lemma pitkäkarvaiseksi
Found no POS for lemma barfut
Found no POS for lemma pitkäkarvaiseksi
Found no POS for lemma barfe-
Found no POS for lemma barfá/i
Found no POS for lemma pitkäkarvaisena
Found no POS for lemma työstämätön
Found no POS for lemma uuraus
Found no POS for lemma työhaluton
Found no POS for lemma työhaluton
Found no POS for lemma bargoáŋgir
Found no POS for lemma työskentelyolosuhteet
Found no POS for lemma bargoeana
Found no POS for lemma työvelvollinen
Found no POS for lemma työmarkkinat
Found no POS for lemma työhalut
Found no POS for lemma bargonávccat
Found no POS for lemma työskentelyala
Found no POS for lemma baritovdna
Found no POS for lemma barjasaddat
Found no POS for lemma barját
Found no POS for lemma barji
Found no POS for lemma barlásta
Found no POS for lemma barona
Found no POS for lemma barovdna
Found no POS for lemma baruhastalit
Found no POS for lemma barut
Found no POS for lemma baruhis
Found no POS for lemma pesemään
Found no POS for lemma pesemättä
Found no POS for lemma basálta
Found no POS for lemma myyjäiset
Found no POS for lemma myyjäiset
Found no POS for lemma baskánit
Found no POS for lemma pienemmäksi
Found no POS for lemma pienisilmäisyys
Found no POS for lemma pienennellä
Found no POS for lemma kavennella
Found no POS for lemma kapeana
Found no POS for lemma tiukkana
Found no POS for lemma pienisilmäisenä
Found no POS for lemma pesussa
Found no POS for lemma pesusta
Found no POS for lemma bassalusat
Found no POS for lemma pesuun
Found no POS for lemma pyhin
Found no POS for lemma bassástallat
Found no POS for lemma pyhempi
Found no POS for lemma bassilaš
Found no POS for lemma pistävästi
Found no POS for lemma basttat
Found no POS for lemma pihdit
Found no POS for lemma paska
Found no POS for lemma baškit
Found no POS for lemma -kos
Found no POS for lemma -kös
Found no POS for lemma -ko
Found no POS for lemma -kö
Found no POS for lemma kehräillä
Found no POS for lemma kehräillä
Found no POS for lemma kapeahuulinen
Found no POS for lemma kapeahuulinen
Found no POS for lemma puserrella
Found no POS for lemma božašit
Found no POS for lemma puserrella
Found no POS for lemma liekaan
Found no POS for lemma báddádit
Found no POS for lemma báddehus
Found no POS for lemma nauhoittaja
Found no POS for lemma välit
Found no POS for lemma bádjasat
Found no POS for lemma bádjálas
Found no POS for lemma hyvähampainen
Found no POS for lemma isohampainen
Found no POS for lemma hyvähampainen
Found no POS for lemma isohampainen
Found no POS for lemma báđašit
Found no POS for lemma patvi
Found no POS for lemma báđvái
Found no POS for lemma báđvás
Found no POS for lemma bággehus
Found no POS for lemma bággejahkes
Found no POS for lemma päitset
Found no POS for lemma bággoluopmudit
Found no POS for lemma báhccadit
Found no POS for lemma kirpoamaan
Found no POS for lemma ponnahtamaan
Found no POS for lemma kimpoamaan
Found no POS for lemma báhccáhit
Found no POS for lemma báhčagat
Found no POS for lemma ampumatarvikkeet
Found no POS for lemma haavoihin
Found no POS for lemma haavoissa
Found no POS for lemma ampumatarvikkeet
Found no POS for lemma ampumataulu
Found no POS for lemma ampumaseura
Found no POS for lemma vasta-ammuttuna
Found no POS for lemma taudista
Found no POS for lemma mielentilasta
Found no POS for lemma kuumennella
Found no POS for lemma báhkasgierdil
Found no POS for lemma lämmönkestävä
Found no POS for lemma kuumavesivaraaja
Found no POS for lemma báhkkagierdil
Found no POS for lemma lämmönkestävä
Found no POS for lemma báhkkagierdevaš
Found no POS for lemma lämmönkestävä
Found no POS for lemma bahkkahávdda
Found no POS for lemma pahkakiisa
Found no POS for lemma pakomatkalle
Found no POS for lemma báhtit
Found no POS for lemma 
Found no POS for lemma värjäillä
Found no POS for lemma 
Found no POS for lemma 
Found no POS for lemma báigalit
Found no POS for lemma báigasit
Found no POS for lemma báiggas
Found no POS for lemma báiggádit
Found no POS for lemma báiggihit
Found no POS for lemma báigguhit
Found no POS for lemma báigit
Found no POS for lemma 
Found no POS for lemma kotitarvikkeet
Found no POS for lemma talonpitotavarat
Found no POS for lemma báikegirjjit
Found no POS for lemma talonkirjat
Found no POS for lemma osa
Found no POS for lemma kotoutua
Found no POS for lemma báikkástallat
Found no POS for lemma báinnadas
Found no POS for lemma 
Found no POS for lemma värjäillä
Found no POS for lemma sävytellä
Found no POS for lemma báinniidit
Found no POS for lemma 
Found no POS for lemma auringonpaistetta
Found no POS for lemma báittanas
Found no POS for lemma loistella
Found no POS for lemma 
Found no POS for lemma uskaltautumaan
Found no POS for lemma bálččas
Found no POS for lemma bálččat
Found no POS for lemma viertä
Found no POS for lemma rinnakkaiskytkentä
Found no POS for lemma liikkumaan
Found no POS for lemma itikoista
Found no POS for lemma vähäpolkuinen
Found no POS for lemma vähäpolkuinen
Found no POS for lemma paimennella
Found no POS for lemma paimennella
Found no POS for lemma liikkumaan
Found no POS for lemma palkimahelle
Found no POS for lemma uranuurtava
Found no POS for lemma palkinen
Found no POS for lemma palkimahelle
Found no POS for lemma palkaksi
Found no POS for lemma palkkana
Found no POS for lemma heittelijä
Found no POS for lemma pallomaiseksi
Found no POS for lemma pallomaisena
Found no POS for lemma häiriötön
Found no POS for lemma bálo
Found no POS for lemma bálsá
Found no POS for lemma keramiikkatyö
Found no POS for lemma bálta
Found no POS for lemma bálvalan-
Found no POS for lemma bálvalus-
Found no POS for lemma palveluvelvollinen
Found no POS for lemma bálvu
Found no POS for lemma palvospaikka
Found no POS for lemma palvoskivi
Found no POS for lemma hyvähampainen
Found no POS for lemma huonohampainen
Found no POS for lemma huonohampainen
Found no POS for lemma huonohampaisuus
Found no POS for lemma bánnoláhppo
Found no POS for lemma panttailla
Found no POS for lemma bántedaddat
Found no POS for lemma panttailla
Found no POS for lemma maikahtaa
Found no POS for lemma báŋket
Found no POS for lemma báŋko-
Found no POS for lemma 
Found no POS for lemma bárddesmuorra
Found no POS for lemma parraspuu
Found no POS for lemma /em>synnyttämäisillään
Found no POS for lemma poikamiesikä
Found no POS for lemma poikamiesikä
Found no POS for lemma bárehuš
Found no POS for lemma báret
Found no POS for lemma parahdella
Found no POS for lemma parahdella
Found no POS for lemma keskushenkilönä
Found no POS for lemma bárkui
Found no POS for lemma paksukaarnainen
Found no POS for lemma bárkos
Found no POS for lemma paksukaarnainen
Found no POS for lemma bárrui
Found no POS for lemma bárros
Found no POS for lemma bárššagit
Found no POS for lemma onnettomuuteen
Found no POS for lemma bártašuvvat
Found no POS for lemma bártnehuš
Found no POS for lemma 
Found no POS for lemma 
Found no POS for lemma bárut
Found no POS for lemma myyjäiset
Found no POS for lemma básjuovllat
Found no POS for lemma básker
Found no POS for lemma báskergahpir
Found no POS for lemma raskaana
Found no POS for lemma raskaana
Found no POS for lemma raskaaksi
Found no POS for lemma raskaana
Found no POS for lemma raskaana
Found no POS for lemma tyttöpahainen
Found no POS for lemma piikeillä
Found no POS for lemma hammasvalaat
Found no POS for lemma bánit
Found no POS for lemma ien
Found no POS for lemma pii
Found no POS for lemma báttástallat
Found no POS for lemma köytellä
Found no POS for lemma koskemaan
Found no POS for lemma sattumaan
Found no POS for lemma räjäytellä
Found no POS for lemma bávtasit
Found no POS for lemma bázadahkes
Found no POS for lemma bázáiduvvat
Found no POS for lemma báža
Found no POS for lemma bážanas
Found no POS for lemma haavoissaan
Found no POS for lemma ampumaton
Found no POS for lemma ampumaton
Found no POS for lemma ampumatta
Found no POS for lemma puhkaisuttaa
Found no POS for lemma beahti
Found no POS for lemma 
Found no POS for lemma soreahanhikki
Found no POS for lemma vuotkin
Found no POS for lemma kuloin
Found no POS for lemma hämmentäjä
Found no POS for lemma beaidadahkes
Found no POS for lemma 
Found no POS for lemma beaidái
Found no POS for lemma beaidás
Found no POS for lemma beaisaluvvat
Found no POS for lemma beaissagit
Found no POS for lemma vaivaispäästäinen
Found no POS for lemma beaitaladdat
Found no POS for lemma tyhjänä
Found no POS for lemma saaliitta
Found no POS for lemma beaittašit
Found no POS for lemma pimitellä
Found no POS for lemma beaittus
Found no POS for lemma -beaivásaš
Found no POS for lemma -päiväinen
Found no POS for lemma beaiveboltunbiekkat
Found no POS for lemma beaiveboralottit
Found no POS for lemma petolinnut
Found no POS for lemma oleskelutilat
Found no POS for lemma päiväkausia
Found no POS for lemma beaivut
no corresponding mg for []
Found no POS for lemma /em>aurinkokunta
Found no POS for lemma beaivvášlásat
Found no POS for lemma aurinkolasit
Found no POS for lemma aurinkolasit
Found no POS for lemma aurinkopaneli
no corresponding mg for []
Found no POS for lemma /em>päivänvarjo
Found no POS for lemma beaivvesealvves
Found no POS for lemma beajihit
Found no POS for lemma beakkus
Found no POS for lemma ravitsematon
Found no POS for lemma toispuolisesti
Found no POS for lemma vaihtoehdot
Found no POS for lemma mahdollisuudet
Found no POS for lemma /em>puolueettomuus
Found no POS for lemma bealbbáššattut
Found no POS for lemma sarpiokasvit
Found no POS for lemma peltovirvilä
Found no POS for lemma bealdovajálgeahtesrássi
Found no POS for lemma puolta
Found no POS for lemma puolta
Found no POS for lemma 
Found no POS for lemma bealgguhit
Found no POS for lemma peukuttaa
Found no POS for lemma bealgoalmmát
Found no POS for lemma puolta
Found no POS for lemma -bealjat
Found no POS for lemma -korvainen
Found no POS for lemma bealjehuddat
Found no POS for lemma 
Found no POS for lemma sättimään
Found no POS for lemma sättimäksi
Found no POS for lemma sättimään
Found no POS for lemma 
Found no POS for lemma sättimään
Found no POS for lemma 
Found no POS for lemma bealkkus
Found no POS for lemma bealládit
Found no POS for lemma bealláijuohkki
Found no POS for lemma puolittaja
Found no POS for lemma -beallásaš
Found no POS for lemma -puolinen
Found no POS for lemma bealleallat
Found no POS for lemma beallealla
Found no POS for lemma attr.
Found no POS for lemma puolisoinnillinen
Found no POS for lemma puolisoinnillinen
Found no POS for lemma bealledagu
Found no POS for lemma keskentekoisena
Found no POS for lemma keskentekoiseksi
Found no POS for lemma puolilaukkaa
Found no POS for lemma bealleskužilčiegahas
Found no POS for lemma keskenkasvuiseksi
Found no POS for lemma keskenkasvuisena
Found no POS for lemma bealljádastit
Found no POS for lemma bealljái
Found no POS for lemma bealljás
Found no POS for lemma bealljenávhlladat
Found no POS for lemma bealnjealját
Found no POS for lemma bealta
Found no POS for lemma 
Found no POS for lemma bealuštanfámut
Found no POS for lemma 
Found no POS for lemma puolustusvoimat
Found no POS for lemma koiraton
Found no POS for lemma koiraton
Found no POS for lemma beannot
Found no POS for lemma puolitoista
Found no POS for lemma kohtisuoraan
Found no POS for lemma kohtisuorassa
Found no POS for lemma /em>lapsiperhe
Found no POS for lemma perheolosuhteet
Found no POS for lemma bearašgaskavuođat
Found no POS for lemma perhesuhteet
Found no POS for lemma beađbbildit
Found no POS for lemma 
Found no POS for lemma bearebeare
Found no POS for lemma liiallisesti
Found no POS for lemma 
Found no POS for lemma tavattoman
Found no POS for lemma permikkä
Found no POS for lemma 
Found no POS for lemma bearskalat
Found no POS for lemma bearta
Found no POS for lemma lumettomuus
Found no POS for lemma beasadahkes
Found no POS for lemma 
Found no POS for lemma beaskkahas
Found no POS for lemma beassas
Found no POS for lemma beasse-
Found no POS for lemma beassasaddat
Found no POS for lemma hölmöilevästi
Found no POS for lemma beassasit
Found no POS for lemma hölmöyttään
Found no POS for lemma 
Found no POS for lemma beassádas
Found no POS for lemma beassášbasit
Found no POS for lemma pääsiäispyhät
Found no POS for lemma beassážat
Found no POS for lemma kevytkenkä
Found no POS for lemma ohutleipä
Found no POS for lemma beassil
Found no POS for lemma beastta
Found no POS for lemma ane
Found no POS for lemma beasttagávpi
Found no POS for lemma 
Found no POS for lemma beaškkanas
Found no POS for lemma jysähtely
Found no POS for lemma jysäytellä
Found no POS for lemma koiraton
Found no POS for lemma koiratta
Found no POS for lemma beatnatbáhkat
Found no POS for lemma beatnatbeaivvit
Found no POS for lemma beavdelihtit
Found no POS for lemma beavdevierut
Found no POS for lemma pöytätavat
Found no POS for lemma beavkái
Found no POS for lemma beavkás
Found no POS for lemma beavkut
Found no POS for lemma höläytellä
Found no POS for lemma holöttää
Found no POS for lemma höläytellä
Found no POS for lemma beavskut
Found no POS for lemma beavvaruššat
Found no POS for lemma beazáiduvvat
Found no POS for lemma männytön
Found no POS for lemma vähämäntyinen
Found no POS for lemma männytön
Found no POS for lemma vähämäntyinen
Found no POS for lemma begonia
Found no POS for lemma pekonia
Found no POS for lemma behttot
Found no POS for lemma beistet
Found no POS for lemma beivvehallat
Found no POS for lemma beivvodit
Found no POS for lemma serkukset
Found no POS for lemma pälkitä
Found no POS for lemma pälkkiä
Found no POS for lemma sättimäksi
Found no POS for lemma sättimäksi
Found no POS for lemma /em>puoluesihteeri
Found no POS for lemma bensen
Found no POS for lemma berjjo
Found no POS for lemma beroškeahttáivuohta
Found no POS for lemma berráhit
Found no POS for lemma mäystimellä
Found no POS for lemma virpapaju
Found no POS for lemma pestailla
Found no POS for lemma bevkkon
Found no POS for lemma bevkolas
Found no POS for lemma bevrrohallat
Found no POS for lemma bevskolas
Found no POS for lemma biblioteahkka
Found no POS for lemma biobliotehka
Found no POS for lemma bibmos
Found no POS for lemma runsasruokainen
Found no POS for lemma bibmos
Found no POS for lemma runsasruokainen
Found no POS for lemma bibmuivuohta
Found no POS for lemma biccardahttit
Found no POS for lemma biddái
Found no POS for lemma paksupintainen
Found no POS for lemma biddás
Found no POS for lemma paksupintainen
Found no POS for lemma biddet
Found no POS for lemma biddjet
Found no POS for lemma säpäke
Found no POS for lemma selättämäksi
Found no POS for lemma hajotella
Found no POS for lemma levityttää
Found no POS for lemma käristyttää
Found no POS for lemma pidot
Found no POS for lemma ottovanhemmat
Found no POS for lemma ottovanhemmat
Found no POS for lemma luolansuu
Found no POS for lemma bieđaidit
Found no POS for lemma 
Found no POS for lemma 
Found no POS for lemma lumoihin
Found no POS for lemma lumoissa
Found no POS for lemma bieđggistit
Found no POS for lemma bieđggo-
Found no POS for lemma 
Found no POS for lemma tuulenpaljastama
Found no POS for lemma bieggaluddat
Found no POS for lemma valittamaan
Found no POS for lemma saparoton
Found no POS for lemma saparoton
Found no POS for lemma nuristaa
Found no POS for lemma kieltäytymys
Found no POS for lemma bieddarašdilljá
Found no POS for lemma biehtárguhká
Found no POS for lemma biehtárvahkku
Found no POS for lemma kieltäytymys
Found no POS for lemma <em>
Found no POS for lemma </em>
Found no POS for lemma biekkačuomirat
Found no POS for lemma untuvapilvet
Found no POS for lemma palleropilvet
Found no POS for lemma biekkamus
Found no POS for lemma tuulisin
Found no POS for lemma vetoisin
Found no POS for lemma yksittäiset
Found no POS for lemma tuulisempi
Found no POS for lemma vetoisempi
Found no POS for lemma kelloton
Found no POS for lemma kelloton
Found no POS for lemma ruokasuolat
Found no POS for lemma bierbidit
Found no POS for lemma bienna
Found no POS for lemma pitkäkarvaisena
Found no POS for lemma pitkäkarvaisena
Found no POS for lemma pitkäkarvaiseksi
Found no POS for lemma pitkäkarvaiseksi
Found no POS for lemma bierfe-
Found no POS for lemma bierfá/i
Found no POS for lemma pitkäkarvaisena
Found no POS for lemma 
Found no POS for lemma mahdottoman
Found no POS for lemma tavattoman
Found no POS for lemma saiho
Found no POS for lemma biergobulá
Found no POS for lemma liha-aarto
Found no POS for lemma liha-aarto
Found no POS for lemma biertaluddat
Found no POS for lemma biertaluhkes
Found no POS for lemma bierttuhit
Found no POS for lemma bierzi
Found no POS for lemma bierzut
Found no POS for lemma bierzzas
Found no POS for lemma bierze-
Found no POS for lemma biestalahkes
Found no POS for lemma lumeton
Found no POS for lemma bievlaeana
Found no POS for lemma pälvimaa
Found no POS for lemma pälvetä
Found no POS for lemma bievlái
Found no POS for lemma pälvinen
Found no POS for lemma bievlás
Found no POS for lemma pälvinen
Found no POS for lemma bivlii
Found no POS for lemma pälvinen
Found no POS for lemma bivles
Found no POS for lemma pälvinen
Found no POS for lemma pälvetä
Found no POS for lemma pälvetä
Found no POS for lemma pälvinen
Found no POS for lemma saparoton
Found no POS for lemma kannakseton
Found no POS for lemma saparoton
Found no POS for lemma kannakseton
Found no POS for lemma bigeolju
Found no POS for lemma bigeret
Found no POS for lemma vedolle
Found no POS for lemma biggohus
Found no POS for lemma bigon
Found no POS for lemma tervaton
Found no POS for lemma vähätervainen
Found no POS for lemma tervaton
Found no POS for lemma vähätervainen
Found no POS for lemma umpihumalaan
Found no POS for lemma räkäkänniin
Found no POS for lemma umpihumalassa
Found no POS for lemma räkäkännissä
Found no POS for lemma umpihumalassa
Found no POS for lemma tervassa
Found no POS for lemma bihkkasahpi
Found no POS for lemma bihkkii
Found no POS for lemma bihkkes
Found no POS for lemma 
Found no POS for lemma palasokerit
Found no POS for lemma piinaantua
Found no POS for lemma kiirasviikko
Found no POS for lemma piikoineen
Found no POS for lemma oka
Found no POS for lemma biikii
Found no POS for lemma biikes
Found no POS for lemma biippanas
Found no POS for lemma piiputella
Found no POS for lemma takkapelti
Found no POS for lemma panematon
Found no POS for lemma asettamaton
Found no POS for lemma panematta
Found no POS for lemma asettamatta
Found no POS for lemma suoraselkäisenä
Found no POS for lemma suoraselkäisenä
Found no POS for lemma biktu
Found no POS for lemma bilbbahit
Found no POS for lemma bilccas
Found no POS for lemma bilce-
Found no POS for lemma bilci
Found no POS for lemma bildda
Found no POS for lemma rikkomaan
Found no POS for lemma turmelemaan
Found no POS for lemma seisomaan
Found no POS for lemma pullosilmäinen
Found no POS for lemma billje-
Found no POS for lemma pullosilmäinen
Found no POS for lemma pilkkailla
Found no POS for lemma iva
Found no POS for lemma pilkkanimi
Found no POS for lemma pilkkasana
Found no POS for lemma bilkošit
Found no POS for lemma billanit
Found no POS for lemma billašuhkes
Found no POS for lemma billástallat
Found no POS for lemma billui
Found no POS for lemma runsaskelloinen
Found no POS for lemma billos
Found no POS for lemma runsaskelloinen
Found no POS for lemma bilto-
Found no POS for lemma biltui
Found no POS for lemma biltos
Found no POS for lemma araksi
Found no POS for lemma vauhkoksi
Found no POS for lemma bilttuiduvvat
Found no POS for lemma araksi
Found no POS for lemma vauhkoksi
Found no POS for lemma araksi
Found no POS for lemma vauhkoksi
Found no POS for lemma bindái
Found no POS for lemma bindás
Found no POS for lemma binddal
Found no POS for lemma binddar
Found no POS for lemma binnahaš
Found no POS for lemma hivenen
Found no POS for lemma osa
Found no POS for lemma binnimustá
Found no POS for lemma 
Found no POS for lemma 
Found no POS for lemma biŋgu
Found no POS for lemma biotohppa
Found no POS for lemma birahallat
Found no POS for lemma ympäristötietoinen
Found no POS for lemma biraslavnnjit
Found no POS for lemma seinäturpeet
Found no POS for lemma toimeen
Found no POS for lemma pärjäämätön
Found no POS for lemma 
Found no POS for lemma 
Found no POS for lemma pärjäämätön
Found no POS for lemma birggetbeaivi
Found no POS for lemma birggetvahkku
Found no POS for lemma teurastella
Found no POS for lemma lihat
Found no POS for lemma birggostit
Found no POS for lemma birgui
Found no POS for lemma vähäluinen
Found no POS for lemma birgos
Found no POS for lemma vähäluinen
Found no POS for lemma kierteellä
Found no POS for lemma birračuoigi
Found no POS for lemma birrajorbalas
Found no POS for lemma ympäripiirto
Found no POS for lemma birravuojáhat
Found no POS for lemma piira
Found no POS for lemma piira
Found no POS for lemma birskalat
Found no POS for lemma birššuhit
Found no POS for lemma humautella
Found no POS for lemma kumautella
Found no POS for lemma birtaluvvat
Found no POS for lemma birze-
Found no POS for lemma huterasti
Found no POS for lemma huterasti
Found no POS for lemma täpärälle
Found no POS for lemma täpärällä
Found no POS for lemma täpärällä
Found no POS for lemma 
Found no POS for lemma bisiidit
Found no POS for lemma tasapainossa
Found no POS for lemma 
Found no POS for lemma bissestit
Found no POS for lemma pyssytön
Found no POS for lemma ampumatarvikkeet
Found no POS for lemma pyssynsuu
Found no POS for lemma ampuma-asetta
Found no POS for lemma ampuma-asetta
Found no POS for lemma bistovla
Found no POS for lemma kestämään
Found no POS for lemma riittämään
Found no POS for lemma bisuheapme
Found no POS for lemma bisuhis
Found no POS for lemma kiljumaan
Found no POS for lemma biššan
Found no POS for lemma bitnjat
Found no POS for lemma bivastuhkes
Found no POS for lemma riistaton
Found no POS for lemma saaliiton
Found no POS for lemma riistaton
Found no POS for lemma saaliiton
Found no POS for lemma suosikkius
Found no POS for lemma bivttastus
Found no POS for lemma palelematon
Found no POS for lemma bjárbma
Found no POS for lemma bláđedallat
Found no POS for lemma blohkkaflöita
Found no POS for lemma blokáda
Found no POS for lemma blonda
Found no POS for lemma nousutie
Found no POS for lemma tulemaisillaan
Found no POS for lemma tuloillaan
Found no POS for lemma boađut
Found no POS for lemma ansiot
Found no POS for lemma tulot
Found no POS for lemma vyö
Found no POS for lemma väärällään
Found no POS for lemma vääränä
Found no POS for lemma boagustahkes
Found no POS for lemma boahkke-
Found no POS for lemma rokotuttaa
Found no POS for lemma rokotella
Found no POS for lemma tuloillaan
Found no POS for lemma tulossa
Found no POS for lemma bohtalastit
Found no POS for lemma tulomaa
Found no POS for lemma boahtit
Found no POS for lemma 
Found no POS for lemma 
Found no POS for lemma boaimmustit
Found no POS for lemma syrjäseudulla
Found no POS for lemma syrjäseudulle
Found no POS for lemma boaitu
Found no POS for lemma 
Found no POS for lemma boagge-
Found no POS for lemma boalbaladdat
Found no POS for lemma boalbái
Found no POS for lemma boalbás
Found no POS for lemma boalbáladdat
Found no POS for lemma boalbálastalit
Found no POS for lemma boalbe-
Found no POS for lemma konttakätinen
Found no POS for lemma boalbbes
Found no POS for lemma konttakätinen
Found no POS for lemma boalbiluddat
Found no POS for lemma boalbuluddat
Found no POS for lemma boalča
Found no POS for lemma kalsu
Found no POS for lemma boalčánit
Found no POS for lemma huonojalkaisena
Found no POS for lemma boalččagit
Found no POS for lemma kompurajalkainen
Found no POS for lemma boalče-
Found no POS for lemma kompurajalkainen
Found no POS for lemma boalččildit
Found no POS for lemma boalčeoaivvat
Found no POS for lemma kompuralla
Found no POS for lemma polttelias
Found no POS for lemma boaldda
Found no POS for lemma ruskiste
Found no POS for lemma boalddáhagat
Found no POS for lemma poltteet
Found no POS for lemma synnytyskivut
Found no POS for lemma nappivyö
Found no POS for lemma napiton
Found no POS for lemma vähänappinen
Found no POS for lemma napiton
Found no POS for lemma vähänappinen
Found no POS for lemma napitella
Found no POS for lemma boanddas
Found no POS for lemma boandá/i
Found no POS for lemma boanddár
Found no POS for lemma portaat
Found no POS for lemma äkkipikaisemmaksi
Found no POS for lemma boarkkašit
Found no POS for lemma kiipelissä
Found no POS for lemma kiipeliin
Found no POS for lemma boasastit
Found no POS for lemma väärinpäin
Found no POS for lemma posiopermikkä
Found no POS for lemma kapealla
Found no POS for lemma kapeana
Found no POS for lemma katkollinen
Found no POS for lemma boatkkáldat
Found no POS for lemma katkein
Found no POS for lemma boatkkálduvvat
Found no POS for lemma miehineen
Found no POS for lemma aviomiehineen
Found no POS for lemma poroton
Found no POS for lemma poroton
Found no POS for lemma pykältää
Found no POS for lemma puistatella
Found no POS for lemma ravistautua
Found no POS for lemma bocce
Found no POS for lemma boze
Found no POS for lemma bodnelebbui
Found no POS for lemma bodneleappos
Found no POS for lemma väännähtää
Found no POS for lemma kierosyinen
Found no POS for lemma kierosyinen
Found no POS for lemma bodnjájahkes
Found no POS for lemma kierossa
Found no POS for lemma bohta
Found no POS for lemma hyydettä
Found no POS for lemma suppoa
Found no POS for lemma hyydettä
Found no POS for lemma suppoa
Found no POS for lemma puistatella
Found no POS for lemma bođđui
Found no POS for lemma bođđos
Found no POS for lemma bođu-
Found no POS for lemma irto-
Found no POS for lemma bođuidvuovdi
Found no POS for lemma vähittäisliike
Found no POS for lemma porauttaa
Found no POS for lemma bogádat
Found no POS for lemma pötkylä
Found no POS for lemma ahtaimmillaan
Found no POS for lemma kapeimmillaan
Found no POS for lemma putkipihdit
Found no POS for lemma bohccojeaddjái
Found no POS for lemma pororikas
Found no POS for lemma bohccojeaddjás
Found no POS for lemma pororikas
Found no POS for lemma porostelu
Found no POS for lemma porostella
Found no POS for lemma poronvoi
Found no POS for lemma bohkkái
Found no POS for lemma bohkkás
Found no POS for lemma pölistää
Found no POS for lemma bohristit
Found no POS for lemma pöllyämään
Found no POS for lemma pölistää
Found no POS for lemma bohtaras
Found no POS for lemma turvotella
Found no POS for lemma napsimaan
Found no POS for lemma boikoteret
Found no POS for lemma nokkija
Found no POS for lemma bokkagit
Found no POS for lemma pullakka
Found no POS for lemma bogge-
Found no POS for lemma pullakka
Found no POS for lemma boksár
Found no POS for lemma bokser
Found no POS for lemma bola
Found no POS for lemma bole
Found no POS for lemma pörröisenä
Found no POS for lemma bolfe-
Found no POS for lemma pörröisenä
Found no POS for lemma bolko-
Found no POS for lemma bolkolas
Found no POS for lemma napikas
Found no POS for lemma runsasnappinen
Found no POS for lemma napikas
Found no POS for lemma runsasnappinen
Found no POS for lemma napitella
Found no POS for lemma bolset
Found no POS for lemma penkoilla
Found no POS for lemma aurailla
Found no POS for lemma bolttohat
Found no POS for lemma bonjadahkes
Found no POS for lemma vääristelmä
Found no POS for lemma hankalaksi
Found no POS for lemma väännättää
Found no POS for lemma botnja
Found no POS for lemma kierteellä
Found no POS for lemma bonjit
Found no POS for lemma bonjit
Found no POS for lemma bonju-
Found no POS for lemma kierteishaara
Found no POS for lemma boŋkkáhallat
Found no POS for lemma borabahá
Found no POS for lemma borabahás
Found no POS for lemma boradahkes
Found no POS for lemma boradanvierut
Found no POS for lemma pöytätavat
Found no POS for lemma syömäpaikka
Found no POS for lemma boralmasat
Found no POS for lemma syömingit
Found no POS for lemma -borat
Found no POS for lemma -kulmainen
Found no POS for lemma -särmäinen
Found no POS for lemma erä
Found no POS for lemma paljoruokainen
Found no POS for lemma silokarvapeski
Found no POS for lemma silokarvatalja
Found no POS for lemma pyryisin
Found no POS for lemma purkakarvainen
Found no POS for lemma silokarvainen
Found no POS for lemma borge-
Found no POS for lemma purkakarvainen
Found no POS for lemma silokarvainen
Found no POS for lemma pyryisempi
Found no POS for lemma silokarva
Found no POS for lemma porskia
Found no POS for lemma lumeen
Found no POS for lemma särmällä
Found no POS for lemma borjjadat
Found no POS for lemma borjjasluovddástallat
Found no POS for lemma saiho
Found no POS for lemma borramušládja
Found no POS for lemma syömämielessä
Found no POS for lemma syöntituulella
Found no POS for lemma syöntituulelle
Found no POS for lemma syömähalu
Found no POS for lemma borrái
Found no POS for lemma borrás
Found no POS for lemma syömäksi
Found no POS for lemma puremaksi
Found no POS for lemma borskui
Found no POS for lemma borskos
Found no POS for lemma boršáhit
Found no POS for lemma borši
Found no POS for lemma boršui
Found no POS for lemma boršos
Found no POS for lemma porskua
Found no POS for lemma porta
Found no POS for lemma syömäpala
Found no POS for lemma boskkáiduvvat
Found no POS for lemma bosmmagit
Found no POS for lemma bossái
Found no POS for lemma bossás
Found no POS for lemma bosset
Found no POS for lemma /em>suutuksissa
Found no POS for lemma puhalluskoe
Found no POS for lemma hyönteisestä
Found no POS for lemma botanihkkár
Found no POS for lemma botká-
Found no POS for lemma karvanlähtöinen
Found no POS for lemma botkehus
Found no POS for lemma botki
Found no POS for lemma botkit
Found no POS for lemma käännähyttää
Found no POS for lemma botnjasuddi
Found no POS for lemma botnjašuvvat
Found no POS for lemma botnjádit
Found no POS for lemma botnješguovttos
Found no POS for lemma aviomiehineen
Found no POS for lemma botnjetráhpat
Found no POS for lemma kierreportaat
Found no POS for lemma kierossa
Found no POS for lemma kierteellä
Found no POS for lemma botnoš
Found no POS for lemma hallinnassa
Found no POS for lemma hetkeksi
Found no POS for lemma pounu
Found no POS for lemma pounikkoinen
Found no POS for lemma pounikkoinen
Found no POS for lemma bovdnii
Found no POS for lemma pounikkoinen
Found no POS for lemma bovdnes
Found no POS for lemma pounikkoinen
Found no POS for lemma pounikko
Found no POS for lemma bovskalit
Found no POS for lemma herättämäksi
Found no POS for lemma boziidit
Found no POS for lemma bozolaš
Found no POS for lemma pororikas
Found no POS for lemma porostella
Found no POS for lemma brihtta
Found no POS for lemma brillat
Found no POS for lemma silmälasit
Found no POS for lemma rillit
Found no POS for lemma broma
Found no POS for lemma bronkihtta
Found no POS for lemma brutaliteahtta
Found no POS for lemma brutalitehta
Found no POS for lemma brutála
Found no POS for lemma bruvkka
Found no POS for lemma buccardit
Found no POS for lemma buccehit
Found no POS for lemma liikanimellä
Found no POS for lemma tukkeama
Found no POS for lemma buđetšattut
Found no POS for lemma koisokasvit
Found no POS for lemma buhtát
Found no POS for lemma bufeahtta
Found no POS for lemma buffel
Found no POS for lemma buggasaddat
Found no POS for lemma kyhmyisenä
Found no POS for lemma kyhmyisenä
Found no POS for lemma kyhmyisenä
Found no POS for lemma bugon
Found no POS for lemma bugonastit
Found no POS for lemma buhcor
Found no POS for lemma buhčásaddat
Found no POS for lemma buhčor
Found no POS for lemma /em>uskonpuhdistus
Found no POS for lemma puhtaaksi
Found no POS for lemma puhtaaksi
Found no POS for lemma buhtten-
Found no POS for lemma buibmái
Found no POS for lemma buibmás
Found no POS for lemma buice-
Found no POS for lemma puikeana
Found no POS for lemma buiddon
Found no POS for lemma buidet
Found no POS for lemma puijari
Found no POS for lemma buikalit
Found no POS for lemma buikárastit
Found no POS for lemma buikkuhit
Found no POS for lemma buippildit
Found no POS for lemma buittahit
Found no POS for lemma bukkagit
Found no POS for lemma kyhmyiseksi
Found no POS for lemma bugge-
Found no POS for lemma kyttyrällä
Found no POS for lemma kuhmuilla
Found no POS for lemma kyhmyillä
Found no POS for lemma bukkuhit
Found no POS for lemma housunkannattimet
Found no POS for lemma housunpersamukset
Found no POS for lemma buktagahttit
Found no POS for lemma bulbeahtta
Found no POS for lemma bulbet
Found no POS for lemma bulččuhit
Found no POS for lemma loiskautella
Found no POS for lemma buldo-
Found no POS for lemma buldui
Found no POS for lemma buldos
Found no POS for lemma bullje-
Found no POS for lemma bulka
Found no POS for lemma kolhuisena
Found no POS for lemma bulkkagit
Found no POS for lemma bulkkas
Found no POS for lemma bulke-
Found no POS for lemma bullagit
Found no POS for lemma turpeaksi
Found no POS for lemma bulle-
Found no POS for lemma sytytellä
Found no POS for lemma bulljar
Found no POS for lemma bulljáras
Found no POS for lemma pullottavasilmäinen
Found no POS for lemma pullottavasilmäinen
Found no POS for lemma pullosilmäinen
Found no POS for lemma pulahdella
Found no POS for lemma bulsái
Found no POS for lemma turpeanaamainen
Found no POS for lemma bulsás
Found no POS for lemma turpeanaamainen
Found no POS for lemma bulssagit
Found no POS for lemma rujoksi
Found no POS for lemma turpeanaamainen
Found no POS for lemma bulse-
Found no POS for lemma turpeanaamainen
Found no POS for lemma bulši
Found no POS for lemma bulššas
Found no POS for lemma bulše-
Found no POS for lemma ryydyttää
Found no POS for lemma ryydyttää
Found no POS for lemma spulžut;
Found no POS for lemma bumbáras
Found no POS for lemma bumbbástat
Found no POS for lemma bumbulit
Found no POS for lemma bumbut
Found no POS for lemma bumeránska
Found no POS for lemma buná
Found no POS for lemma buncaruššat
Found no POS for lemma buncuhit
Found no POS for lemma bunjanas
Found no POS for lemma kastahuttaa
Found no POS for lemma kasto
Found no POS for lemma punttaantua
Found no POS for lemma nipuksi
Found no POS for lemma bunzaras
Found no POS for lemma nikartaa
Found no POS for lemma nikarrella
Found no POS for lemma buoccehit
Found no POS for lemma nivus
Found no POS for lemma patoamaan
Found no POS for lemma tukkimaan
Found no POS for lemma ajoksia
Found no POS for lemma buoguluvvat
Found no POS for lemma ajokseksi
Found no POS for lemma sairastumaan
Found no POS for lemma plenum
Found no POS for lemma buohtalasealáhusat
Found no POS for lemma moninaiselinkeinot
Found no POS for lemma rinnakkaiskytkentä
Found no POS for lemma kaulasiteellä
Found no POS for lemma buoiddan
Found no POS for lemma rasvattomuus
Found no POS for lemma buoideluš
Found no POS for lemma buoideseal
Found no POS for lemma buoiggus
Found no POS for lemma buoiggos
Found no POS for lemma buokča
Found no POS for lemma buokčil
Found no POS for lemma buokŋi
Found no POS for lemma buokŋudit
Found no POS for lemma sytytellä
Found no POS for lemma sytytellä
Found no POS for lemma buollastallat
Found no POS for lemma palotikkaat
Found no POS for lemma buollinstašudvna
Found no POS for lemma buolva
Found no POS for lemma hina
Found no POS for lemma harjuinen
Found no POS for lemma harjuinen
Found no POS for lemma bulžii
Found no POS for lemma harjuinen
Found no POS for lemma bulžes
Found no POS for lemma harjuinen
Found no POS for lemma kostutella
Found no POS for lemma kastahuttaa
Found no POS for lemma kasto
Found no POS for lemma sasuton
Found no POS for lemma sasuton
Found no POS for lemma buorahis
Found no POS for lemma valio-
Found no POS for lemma valiojuhta
Found no POS for lemma buorat!
Found no POS for lemma päivää!
Found no POS for lemma terve!
Found no POS for lemma buorát!
Found no POS for lemma päivää!
Found no POS for lemma terve!
Found no POS for lemma buorážan!
Found no POS for lemma buorggár
Found no POS for lemma korjaamaan
Found no POS for lemma buoriheapme
Found no POS for lemma buorihis
Found no POS for lemma parantamaton
Found no POS for lemma 
Found no POS for lemma buorredábán
Found no POS for lemma hyvänlainen
Found no POS for lemma buorrelunddolaš
Found no POS for lemma buorrivuohta
Found no POS for lemma saamassa
Found no POS for lemma buorttos
Found no POS for lemma buortu
Found no POS for lemma pierentä
Found no POS for lemma piereskely
Found no POS for lemma buošán
Found no POS for lemma buošán
Found no POS for lemma kärttyisänä
Found no POS for lemma buošat
Found no POS for lemma buošátvuohta
Found no POS for lemma peränantamattomuus
Found no POS for lemma buošatvuohta
Found no POS for lemma peränantamattomuus
Found no POS for lemma buošuhis
Found no POS for lemma buotnjasit
Found no POS for lemma buotvuohta
Found no POS for lemma joikailla
Found no POS for lemma sairastelija
Found no POS for lemma nurkuja
Found no POS for lemma buoža
Found no POS for lemma huikonen
Found no POS for lemma bures!
Found no POS for lemma terve!
Found no POS for lemma buresboahtin!
Found no POS for lemma tervetuloa!
Found no POS for lemma burestit
Found no POS for lemma burežat
Found no POS for lemma ystävykset
Found no POS for lemma kaverukset
Found no POS for lemma burggan
Found no POS for lemma penkoja
Found no POS for lemma burgin-
Found no POS for lemma hyvällä
Found no POS for lemma pakottamatta
Found no POS for lemma burli
Found no POS for lemma burobáhti
Found no POS for lemma purskia
Found no POS for lemma burši
Found no POS for lemma buršu
Found no POS for lemma burše-
Found no POS for lemma burtanuvvat
Found no POS for lemma burtu
Found no POS for lemma kuhnailemaan
Found no POS for lemma hidastelemaan
Found no POS for lemma aikailija
Found no POS for lemma kuhnija
Found no POS for lemma bussái
Found no POS for lemma bussás
Found no POS for lemma bušttáhallat
Found no POS for lemma buváhallat
Found no POS for lemma buvnnjiidit
Found no POS for lemma kömmänä
Found no POS for lemma puura
Found no POS for lemma buru
Found no POS for lemma housuton
Found no POS for lemma housuton
Found no POS for lemma buvssat
Found no POS for lemma housut
Found no POS for lemma buvttáhallat
Found no POS for lemma buvvi
Found no POS for lemma kotieläimet
Found no POS for lemma maikahtaa
Found no POS for lemma puinnos
Found no POS for lemma byrokráhtta
Found no POS for lemma byroktáhtalaš
Found no POS for lemma börsa
Found no POS for lemma kytemässä
Found no POS for lemma pingotuksessa
Found no POS for lemma caggasupmi
Found no POS for lemma 
Found no POS for lemma cahkkánit
Found no POS for lemma sytytellä
Found no POS for lemma sytytellä
Found no POS for lemma syttö
Found no POS for lemma syttö
Found no POS for lemma pingotella
Found no POS for lemma estämäksi
Found no POS for lemma pingotuttaa
Found no POS for lemma estämään
Found no POS for lemma pingottelija
Found no POS for lemma pidättelijä
Found no POS for lemma cance-
Found no POS for lemma cavggástat
Found no POS for lemma cavkkuhit
Found no POS for lemma cavvásit
Found no POS for lemma cavvilaš
Found no POS for lemma cáico-
Found no POS for lemma pipopää
Found no POS for lemma cáncat
Found no POS for lemma lattiaa
Found no POS for lemma cánccadit
Found no POS for lemma lattiaa
Found no POS for lemma cánccastit
Found no POS for lemma lattiaa
Found no POS for lemma pehmitellä
Found no POS for lemma muokkailla
Found no POS for lemma cámašit
Found no POS for lemma pehmitellä
Found no POS for lemma muokkailla
Found no POS for lemma pieksämäksi
Found no POS for lemma cázastat
Found no POS for lemma viirutella
Found no POS for lemma viivailla
Found no POS for lemma viivoitella
Found no POS for lemma naarmutella
Found no POS for lemma viirutella
Found no POS for lemma viivailla
Found no POS for lemma viivoitella
Found no POS for lemma naarmutella
Found no POS for lemma viivaton
Found no POS for lemma viiruton
Found no POS for lemma naarmuton
Found no POS for lemma viivaton
Found no POS for lemma viiruton
Found no POS for lemma naarmuton
Found no POS for lemma viivaton
Found no POS for lemma viiruton
Found no POS for lemma naarmuton
Found no POS for lemma viivaton
Found no POS for lemma viiruton
Found no POS for lemma naarmuton
Found no POS for lemma pystyasentoon
Found no POS for lemma pystyasennossa
Found no POS for lemma pystyasentoon
Found no POS for lemma pystysuorassa
Found no POS for lemma pystysuoraan
Found no POS for lemma terävälovipoimulehti
Found no POS for lemma pystyasentoon
Found no POS for lemma ceakkihit
Found no POS for lemma ceakko-
Found no POS for lemma pysty-
Found no POS for lemma kallionjykänne
Found no POS for lemma pystysarvi
Found no POS for lemma tunturinätä
Found no POS for lemma pystysuorassa
Found no POS for lemma ceakko-
Found no POS for lemma lausuilla
Found no POS for lemma lausumaton
Found no POS for lemma ceavádat
Found no POS for lemma ceavválahttit
Found no POS for lemma ceavválat
Found no POS for lemma 
Found no POS for lemma 
Found no POS for lemma ceazzi
Found no POS for lemma pystyasentoon
Found no POS for lemma pystyasentoon
Found no POS for lemma pystyasentoon
Found no POS for lemma cibá
Found no POS for lemma cibo
Found no POS for lemma nitistellä
Found no POS for lemma rutistella
Found no POS for lemma nakertamaan
Found no POS for lemma ciegas
Found no POS for lemma /
Found no POS for lemma ciehka
Found no POS for lemma ciehkudit
Found no POS for lemma ciekkihit
Found no POS for lemma cielaldit
Found no POS for lemma haukkuja
Found no POS for lemma haukkuja
Found no POS for lemma sättijä
Found no POS for lemma cieládallat
Found no POS for lemma haukahdella
Found no POS for lemma cielkit
Found no POS for lemma 
Found no POS for lemma cihcelottit
Found no POS for lemma varpuslinnut
Found no POS for lemma piiskuttaja
Found no POS for lemma petoeläimen
Found no POS for lemma nipistyä
Found no POS for lemma pinsetit
Found no POS for lemma cikcenbasttat
Found no POS for lemma leikkuripihdit
Found no POS for lemma napsaisu
Found no POS for lemma cikkilmas
Found no POS for lemma cikkin
Found no POS for lemma cihllat
Found no POS for lemma cilohallat
Found no POS for lemma ciluhit
Found no POS for lemma rusennella
Found no POS for lemma nitistellä
Found no POS for lemma suihkautus
Found no POS for lemma cirgehat
Found no POS for lemma cirgestat
Found no POS for lemma suihkautus
Found no POS for lemma ruiskautus
Found no POS for lemma suihkahtaa
Found no POS for lemma ruiskinta
Found no POS for lemma ruikkaus
Found no POS for lemma suihkahtaa
Found no POS for lemma suihkahtaa
Found no POS for lemma vihlonta
Found no POS for lemma kippuranokkaisena
Found no POS for lemma pysty-
Found no POS for lemma cirke-
Found no POS for lemma pysty-
Found no POS for lemma kippuraisena
Found no POS for lemma kippuranokkaisena
Found no POS for lemma cirvi
Found no POS for lemma pieni-
Found no POS for lemma cirvvas
Found no POS for lemma cirve-
Found no POS for lemma cissadahkes
Found no POS for lemma pissailla
Found no POS for lemma civcca
Found no POS for lemma likistelemään
Found no POS for lemma puristelemaan
Found no POS for lemma sirkuttaja
Found no POS for lemma piiskuttaja
Found no POS for lemma sirkutella
Found no POS for lemma piipitellä
Found no POS for lemma civnnistit
Found no POS for lemma civzzašattut
Found no POS for lemma katkerokasvit
Found no POS for lemma civzziidallat
Found no POS for lemma värjäillä
Found no POS for lemma coabmut
Found no POS for lemma coagehit
Found no POS for lemma coagimus
Found no POS for lemma matalin
Found no POS for lemma coagit
Found no POS for lemma napsutus
Found no POS for lemma napsahtelu
Found no POS for lemma napsutus
Found no POS for lemma madalluttaa
Found no POS for lemma madaltumista
Found no POS for lemma raksutella
Found no POS for lemma nesteestä
Found no POS for lemma turvotuksesta
Found no POS for lemma paiseesta
Found no POS for lemma lipsumaton
Found no POS for lemma lipsumaton
Found no POS for lemma coavccidit
Found no POS for lemma visuksi
Found no POS for lemma cohcce-
Found no POS for lemma matalikolle
Found no POS for lemma karille
Found no POS for lemma neuvottomana
Found no POS for lemma madallella
Found no POS for lemma laskemista
Found no POS for lemma cokcodallat
Found no POS for lemma cokkaldit
Found no POS for lemma colkat
Found no POS for lemma colkkistit
Found no POS for lemma colla
Found no POS for lemma collor
Found no POS for lemma collu
Found no POS for lemma colpi
Found no POS for lemma colppas
Found no POS for lemma colpe-
Found no POS for lemma lipsumatta
Found no POS for lemma covccohat
Found no POS for lemma havahduttamaan
Found no POS for lemma herättämään
Found no POS for lemma ryystellä
Found no POS for lemma "sammakonnuoli"
Found no POS for lemma cuhlla
Found no POS for lemma cuigehallat
Found no POS for lemma 
Found no POS for lemma kritisoija
Found no POS for lemma 
Found no POS for lemma cuippagit
Found no POS for lemma cuipe-
Found no POS for lemma cuippuhit
Found no POS for lemma sukca
Found no POS for lemma cukkas
Found no POS for lemma cugga-
Found no POS for lemma cukko
Found no POS for lemma cullat
Found no POS for lemma tuuditus
Found no POS for lemma hellittely
Found no POS for lemma cuŋkut
Found no POS for lemma cuobba
Found no POS for lemma cuobbut
Found no POS for lemma kalvoton
Found no POS for lemma ohutkalvoinen
Found no POS for lemma kalvoton
Found no POS for lemma ohutkalvoinen
Found no POS for lemma kalvomainen
Found no POS for lemma syy
Found no POS for lemma syy
Found no POS for lemma vähälihainen
Found no POS for lemma vähälihainen
Found no POS for lemma cuohpaiduvvat
Found no POS for lemma -cuohpat
Found no POS for lemma -lihainen
Found no POS for lemma cuhppii
Found no POS for lemma cuhppes
Found no POS for lemma pirstaleiksi
Found no POS for lemma rikottaa
Found no POS for lemma cuozzái
Found no POS for lemma runsaskalvoinen
Found no POS for lemma cuozzás
Found no POS for lemma runsaskalvoinen
Found no POS for lemma cuzzii
Found no POS for lemma runsaskalvoinen
Found no POS for lemma cuzzes
Found no POS for lemma runsaskalvoinen
Found no POS for lemma kalvottua
Found no POS for lemma suppusuinen
Found no POS for lemma suppusuinen
Found no POS for lemma suppusuinen
Found no POS for lemma pienisuinen
Found no POS for lemma curbme-
Found no POS for lemma suppusuinen
Found no POS for lemma pienisuinen
Found no POS for lemma suppuinen
Found no POS for lemma curpmohallat
Found no POS for lemma curregat
Found no POS for lemma kaksoset
Found no POS for lemma kaksoset
Found no POS for lemma motkotus
Found no POS for lemma cuzan
Found no POS for lemma nuukailija
Found no POS for lemma cuzašit
Found no POS for lemma cuzidit
Found no POS for lemma cuzzet
Found no POS for lemma Č
Found no POS for lemma 
Found no POS for lemma čabočielggas
Found no POS for lemma čabočielga
Found no POS for lemma čađahannávccat
Found no POS for lemma čađaoainnekeahtes
Found no POS for lemma čađđái
Found no POS for lemma čađđás
Found no POS for lemma čagalduhkes
Found no POS for lemma čaggadit
Found no POS for lemma čaggehit
Found no POS for lemma čaggánit
Found no POS for lemma čaggát
Found no POS for lemma čaggi
Found no POS for lemma čahkkái
Found no POS for lemma runsaspaakkuinen
Found no POS for lemma čahkkás
Found no POS for lemma runsaspaakkuinen
Found no POS for lemma kiepissä
Found no POS for lemma kiepissä
Found no POS for lemma kieppiin
Found no POS for lemma kieppiin
Found no POS for lemma kieppiin
Found no POS for lemma kiepissä
Found no POS for lemma čahppat
Found no POS for lemma lumikuoppaan
Found no POS for lemma čahristit
Found no POS for lemma naurunherkkä
Found no POS for lemma naurella
Found no POS for lemma čakčafivli
Found no POS for lemma čakčagalbma
Found no POS for lemma syyskulkutus
Found no POS for lemma čakčaloaŋka
Found no POS for lemma uposvesilehti
Found no POS for lemma -čakčasaš
Found no POS for lemma -syksyinen
Found no POS for lemma syksyllä
Found no POS for lemma syksyisemmäksi
Found no POS for lemma čakkagit
Found no POS for lemma čakkas
Found no POS for lemma čagge-
Found no POS for lemma 
Found no POS for lemma näkemään
Found no POS for lemma silmät
Found no POS for lemma čalbmelásat
Found no POS for lemma silmälasit
Found no POS for lemma silmälasit
Found no POS for lemma 
Found no POS for lemma jalasta
Found no POS for lemma kiinnikkeistään
Found no POS for lemma kiinnikkeistään
Found no POS for lemma keloa
Found no POS for lemma čallái
Found no POS for lemma čallás
Found no POS for lemma -čalmmat
Found no POS for lemma -silmäinen
Found no POS for lemma čalmmádat
Found no POS for lemma huonosilmäinen
Found no POS for lemma huonosilmäinen
Found no POS for lemma čalmmehisstálostallat
Found no POS for lemma heikkonäköistä
Found no POS for lemma čalmmon
Found no POS for lemma čalmmustuvvat
Found no POS for lemma čaltát
Found no POS for lemma kenokaulaisena
Found no POS for lemma čaltet
Found no POS for lemma čalti
Found no POS for lemma pystypää
Found no POS for lemma 
Found no POS for lemma čalttas
Found no POS for lemma sitoumukseton
Found no POS for lemma časkádit
Found no POS for lemma časkáduvvat
Found no POS for lemma leikkailla
Found no POS for lemma časkkašahkes
Found no POS for lemma leikkailla
Found no POS for lemma lyömäksi
Found no POS for lemma lyömäksi
Found no POS for lemma časkkár
Found no POS for lemma časkár
Found no POS for lemma čatnagis
Found no POS for lemma čatnasis
Found no POS for lemma čatnagii
Found no POS for lemma čatnavaš
Found no POS for lemma čavde-
Found no POS for lemma čavges/čavga
Found no POS for lemma tiukennella
Found no POS for lemma kiristämään
Found no POS for lemma čavggastit
Found no POS for lemma rehkimään
Found no POS for lemma tiukkana
Found no POS for lemma tiukennella
Found no POS for lemma kaunein
Found no POS for lemma kaunein
Found no POS for lemma helppokulkuisemmaksi
Found no POS for lemma /em>he
Found no POS for lemma čágŋil
Found no POS for lemma čáhcálastit
Found no POS for lemma čáhceeana
Found no POS for lemma vesihilpi
Found no POS for lemma čáhceruoppit
Found no POS for lemma mahtumaan
Found no POS for lemma čáhpahit
Found no POS for lemma čáhpašit
Found no POS for lemma tummana
Found no POS for lemma pahus!
Found no POS for lemma čáhppe
Found no POS for lemma čáhppes-
Found no POS for lemma tumman-
Found no POS for lemma tummakallioinen
Found no POS for lemma čáhppesfivli
Found no POS for lemma čáhppeslomot
Found no POS for lemma tummaraunoinen
Found no POS for lemma mustuvapaju
Found no POS for lemma tummana
Found no POS for lemma čáihmá/i
Found no POS for lemma čáihná/i
Found no POS for lemma čáđbmá/i
Found no POS for lemma čáján
Found no POS for lemma sormellaan
Found no POS for lemma 
Found no POS for lemma 
Found no POS for lemma ansaan
Found no POS for lemma ansaan
Found no POS for lemma verkkoon
Found no POS for lemma čáláldat
Found no POS for lemma čálástat
Found no POS for lemma kehittymään
Found no POS for lemma viillättää
Found no POS for lemma čállimassii
Found no POS for lemma kirjoitusvälineet
no corresponding mg for []
Found no POS for lemma čámsut
Found no POS for lemma čáŋadahkes
Found no POS for lemma pujahteleva
Found no POS for lemma čáráhuddat
Found no POS for lemma ote
Found no POS for lemma čárvenbasttat
Found no POS for lemma lukkopihdit
Found no POS for lemma puserrella
Found no POS for lemma puserrella
Found no POS for lemma čávddon
Found no POS for lemma čávdulit
Found no POS for lemma čávdut
Found no POS for lemma čávvohit
Found no POS for lemma čáhce-
Found no POS for lemma vähävetinen
Found no POS for lemma vähävetinen
Found no POS for lemma teuraassa
Found no POS for lemma čeagŋádallat
Found no POS for lemma puolipurkainen
Found no POS for lemma čeahkárit
Found no POS for lemma mehuton
Found no POS for lemma mehuton
Found no POS for lemma kaulakkaiskollos
Found no POS for lemma čeahpášit
Found no POS for lemma čeahppái
Found no POS for lemma paksukaulainen
Found no POS for lemma čeahppás
Found no POS for lemma paksukaulainen
Found no POS for lemma osaavuus
Found no POS for lemma taidokkaammaksi
Found no POS for lemma taidokkaammaksi
Found no POS for lemma čeagŋe-
Found no POS for lemma čeakta
Found no POS for lemma čearggádallat
Found no POS for lemma ärjähdellä
Found no POS for lemma čearggos
Found no POS for lemma ärjähdellä
Found no POS for lemma čearssagit
Found no POS for lemma čirssagit
Found no POS for lemma čearse-
Found no POS for lemma čirse-
Found no POS for lemma čirssildit
Found no POS for lemma čirssistit
Found no POS for lemma čearsut
Found no POS for lemma čirsut
Found no POS for lemma luisumaan
Found no POS for lemma liuuttaa
Found no POS for lemma vitivalkoisena
Found no POS for lemma čeaskkildit
Found no POS for lemma vitivalkoisena
Found no POS for lemma turhanylpeä
Found no POS for lemma turhanylpeä
Found no POS for lemma turhanylpeäksi
Found no POS for lemma čeavráruovddit
Found no POS for lemma saukonraudat
Found no POS for lemma hautomaton
Found no POS for lemma čeavttuhis
Found no POS for lemma hautomaton
Found no POS for lemma čeavžasaddat
Found no POS for lemma čeavžái
Found no POS for lemma koukkukinttuinen
Found no POS for lemma isokinterinen
Found no POS for lemma čeavžás
Found no POS for lemma koukkukinttuinen
Found no POS for lemma isokinterinen
Found no POS for lemma <em>čeahci:</em>ksi
Found no POS for lemma sedäksi
Found no POS for lemma čeazážan!
Found no POS for lemma setäseni!
Found no POS for lemma čebá
Found no POS for lemma tshekkiläinen
Found no POS for lemma čehpor
Found no POS for lemma čehttárat
Found no POS for lemma kerettiläiset
Found no POS for lemma čelločuojaheaddji
Found no POS for lemma niitellä
Found no POS for lemma ärjyjä
Found no POS for lemma česke
Found no POS for lemma českko
Found no POS for lemma českkoldahttit
Found no POS for lemma čezešguovttos
Found no POS for lemma čibmii
Found no POS for lemma čibmes
Found no POS for lemma čiđáldahttit
Found no POS for lemma aamunkoitteessa
Found no POS for lemma aamunkoitteessa
Found no POS for lemma piilotuttaa
Found no POS for lemma kiekerö
Found no POS for lemma čiegaraddjái
Found no POS for lemma kiekeröinen
Found no POS for lemma čiegaraddjás
Found no POS for lemma kiekeröinen
Found no POS for lemma kiekertää
Found no POS for lemma kätkössä
Found no POS for lemma piilossa
Found no POS for lemma kätköön
Found no POS for lemma piiloon
Found no POS for lemma 
Found no POS for lemma čiehkkái
Found no POS for lemma isosakarainen
Found no POS for lemma isokolkkainen
Found no POS for lemma čiehkkás
Found no POS for lemma isosakarainen
Found no POS for lemma isokolkkainen
Found no POS for lemma čihkkii
Found no POS for lemma isosakarainen
Found no POS for lemma isokolkkainen
Found no POS for lemma čihkkes
Found no POS for lemma isosakarainen
Found no POS for lemma isokolkkainen
Found no POS for lemma čiehppagasas
Found no POS for lemma čahppagasas
Found no POS for lemma čiehppagassii
Found no POS for lemma čahppagassii
Found no POS for lemma čiekčil
Found no POS for lemma syvyyksissä
Found no POS for lemma syvyyksiin
Found no POS for lemma syvennellä
Found no POS for lemma selviämään
Found no POS for lemma selvemmin
Found no POS for lemma 
Found no POS for lemma selkäjänteiset
Found no POS for lemma selvänä
Found no POS for lemma puhtaana
Found no POS for lemma sekoittumattomana
Found no POS for lemma čielggádahttit
Found no POS for lemma huonoselkäinen
Found no POS for lemma huonoselkäinen
Found no POS for lemma čielggogielat
Found no POS for lemma selvänä
Found no POS for lemma syvyydeltään
Found no POS for lemma čiergat
Found no POS for lemma čiergga
Found no POS for lemma kyynelsilmin
Found no POS for lemma kyynelsilmin
Found no POS for lemma itkahtaa
Found no POS for lemma čierrámus
Found no POS for lemma itkuisin
Found no POS for lemma potkituttaa
Found no POS for lemma čivrii
Found no POS for lemma čivres
Found no POS for lemma čieža
Found no POS for lemma čiežačuođi
Found no POS for lemma čiežadas
Found no POS for lemma čiežalogát
Found no POS for lemma čiežalogi
Found no POS for lemma seitsemänkymmentä
Found no POS for lemma čiežanuppelogát
Found no POS for lemma seitsemästoista
Found no POS for lemma čiežanuppelohkái
Found no POS for lemma čiežas
Found no POS for lemma koreilunhaluinen
Found no POS for lemma koreilunhaluinen
Found no POS for lemma čihččedassii
Found no POS for lemma seitsemänneksi
Found no POS for lemma čihččet
Found no POS for lemma čihččetlohjahkásaš
Found no POS for lemma čihččetlohkái
Found no POS for lemma seitsemättäkymmentä
Found no POS for lemma piiloon
Found no POS for lemma piilossa
Found no POS for lemma juhlavaatteet
Found no POS for lemma syvennellä
Found no POS for lemma syvyydessä
Found no POS for lemma selityttää
Found no POS for lemma selontekovelvollinen
Found no POS for lemma selvitysvelvollinen
Found no POS for lemma čilgengolut
Found no POS for lemma selvityskulut
Found no POS for lemma pyyntikotus
Found no POS for lemma čillagit
Found no POS for lemma pullukaksi
Found no POS for lemma čillahit
Found no POS for lemma čille-
Found no POS for lemma čillái
Found no POS for lemma čillás
Found no POS for lemma čillánit
Found no POS for lemma pulleavatsaisena
Found no POS for lemma pulleavatsaisena
Found no POS for lemma pulleavatsaisena
Found no POS for lemma pulleavatsaisena
Found no POS for lemma čilsi
Found no POS for lemma čilssagit
Found no POS for lemma čilse-
Found no POS for lemma čilvudit
Found no POS for lemma čilve-
Found no POS for lemma loivakeulainen
Found no POS for lemma loivakeulainen
Found no POS for lemma čimat
Found no POS for lemma 
Found no POS for lemma činit
Found no POS for lemma linkkajalka
Found no POS for lemma linkuttaja
Found no POS for lemma nilkuttaja
Found no POS for lemma linkkajalka
Found no POS for lemma linkuttaja
Found no POS for lemma nilkuttaja
Found no POS for lemma sujuma
Found no POS for lemma itketellä
Found no POS for lemma čitnudit
Found no POS for lemma vatsasta
Found no POS for lemma čivččor
Found no POS for lemma čivgadit
Found no POS for lemma sikiöasteelle
Found no POS for lemma čivhlái
Found no POS for lemma čivhlás
Found no POS for lemma čivhle-
Found no POS for lemma hienhajuinen
Found no POS for lemma hienhajuiseksi
Found no POS for lemma čivrru
Found no POS for lemma saivaret
Found no POS for lemma saivaret
Found no POS for lemma čivrrustuvvat
Found no POS for lemma čivttáhat
Found no POS for lemma rintaliivit
Found no POS for lemma rintaliivit
Found no POS for lemma čižželiivvat
Found no POS for lemma rintaliivit
Found no POS for lemma noukkija
Found no POS for lemma čoahkisvuohta
Found no POS for lemma čoahkkás
Found no POS for lemma čoahkkáigohčču
Found no POS for lemma ettomies
Found no POS for lemma tiiviimmäksi
Found no POS for lemma tiheämmäksi
Found no POS for lemma tiiviimpänä
Found no POS for lemma tiheämmässä
Found no POS for lemma čoahkkit
Found no POS for lemma čoahkkidis
Found no POS for lemma čoahrrat
Found no POS for lemma čoakkalmasat
Found no POS for lemma seurat
Found no POS for lemma čoakkan
Found no POS for lemma čoalče-
Found no POS for lemma čoalčut
Found no POS for lemma pienimahainen
Found no POS for lemma pienivatsainen
Found no POS for lemma pienimahainen
Found no POS for lemma pienivatsainen
Found no POS for lemma kolkattaa
Found no POS for lemma čoallenámit
Found no POS for lemma suolisolbmu
Found no POS for lemma suolistella
Found no POS for lemma perkailla
Found no POS for lemma suolistella
Found no POS for lemma perkailla
Found no POS for lemma čoalmmagit
Found no POS for lemma kapeana
Found no POS for lemma čoalta
Found no POS for lemma čoalttagit
Found no POS for lemma čoaŋki
Found no POS for lemma čoaŋke-
Found no POS for lemma čoabme-
Found no POS for lemma čoarda
Found no POS for lemma isosarvinen
Found no POS for lemma isosarvinen
Found no POS for lemma luutyö
Found no POS for lemma kiela
Found no POS for lemma sarvikiela
Found no POS for lemma čoarvehbeal
Found no POS for lemma čoarverášut
Found no POS for lemma čoarvvat
Found no POS for lemma koppavammaksi
Found no POS for lemma pienisarvinen
Found no POS for lemma pienisarvinen
Found no POS for lemma vallanhaluiseksi
Found no POS for lemma koleutua
Found no POS for lemma välipitämätön
Found no POS for lemma čoaskkedit
Found no POS for lemma čoaskkehit
Found no POS for lemma čoassa
Found no POS for lemma čoasas
Found no POS for lemma čoassat
Found no POS for lemma čoavččat
Found no POS for lemma čoavččot
Found no POS for lemma čoavddehahtti
Found no POS for lemma čoavjái
Found no POS for lemma čoavjás
Found no POS for lemma čoavjenámit
Found no POS for lemma pienivatsainen
Found no POS for lemma pienivatsainen
Found no POS for lemma pienivatsaisemmaksi
Found no POS for lemma čoavjjit
Found no POS for lemma tiineeksi
Found no POS for lemma raskaaksi
Found no POS for lemma 
Found no POS for lemma čobmasaddat
Found no POS for lemma čobmasit
Found no POS for lemma läjiä
Found no POS for lemma läjiä
Found no POS for lemma läjiä
Found no POS for lemma läjiä
Found no POS for lemma läjänä
Found no POS for lemma teroitella
Found no POS for lemma teroituttaa
Found no POS for lemma teroituttaa
Found no POS for lemma čovádit
Found no POS for lemma kampailla
Found no POS for lemma huipullinen
Found no POS for lemma suippona
Found no POS for lemma suipoksi
Found no POS for lemma suippopohjainen
Found no POS for lemma kampautua
Found no POS for lemma nesteytymä
Found no POS for lemma čohkiiduvvat
Found no POS for lemma runsashuippuinen
Found no POS for lemma čohkkás
Found no POS for lemma runsashuippuinen
Found no POS for lemma runsashuippuinen
Found no POS for lemma runsashuippuinen
Found no POS for lemma čohkkes-
Found no POS for lemma tumman-
Found no POS for lemma tummanätkin
Found no POS for lemma tummalahnanruoho
Found no POS for lemma tummansävyisenä
Found no POS for lemma kartionmuotoinen
Found no POS for lemma čohli
Found no POS for lemma čohlá
Found no POS for lemma čoldeeana
Found no POS for lemma jäkälämaa
Found no POS for lemma čolgii
Found no POS for lemma sylkinen
Found no POS for lemma čolges
Found no POS for lemma sylkinen
Found no POS for lemma kopsutella
Found no POS for lemma purskauttamaan
Found no POS for lemma perkauttaa
Found no POS for lemma perkailla
Found no POS for lemma suolirasvat
Found no POS for lemma pulautella
Found no POS for lemma suolistaja
Found no POS for lemma čoltui
Found no POS for lemma čoltos
Found no POS for lemma purskuttelemaan
Found no POS for lemma syytämään
Found no POS for lemma kasana
Found no POS for lemma kekomainen
Found no POS for lemma čopme-
Found no POS for lemma kekomainen
Found no POS for lemma kuperaksi
Found no POS for lemma kuperana
Found no POS for lemma kasana
Found no POS for lemma čompa
Found no POS for lemma čompanit
Found no POS for lemma čomppuhit
Found no POS for lemma kekona
Found no POS for lemma kasaksi
Found no POS for lemma keoksi
Found no POS for lemma kekona
Found no POS for lemma kasaksi
Found no POS for lemma keoksi
Found no POS for lemma čopmidit
Found no POS for lemma 
Found no POS for lemma rystyset
Found no POS for lemma rystyset
Found no POS for lemma čordnat
Found no POS for lemma čordnát
Found no POS for lemma čordnet
Found no POS for lemma čorges/čorgadis
Found no POS for lemma siivoskella
Found no POS for lemma siivoamaan
Found no POS for lemma huoltamaan
Found no POS for lemma siivoilla
Found no POS for lemma puhdistella
Found no POS for lemma siistimmin
Found no POS for lemma siivommin
Found no POS for lemma čorgguhis
Found no POS for lemma -čorgi
Found no POS for lemma -čođgi
Found no POS for lemma kiertotietä
Found no POS for lemma čososmit
Found no POS for lemma čovllihit
Found no POS for lemma čubbet
Found no POS for lemma čufidit
Found no POS for lemma čuhččut
Found no POS for lemma čuhčut
Found no POS for lemma tšuudi
Found no POS for lemma tšuudi
Found no POS for lemma sauvoskella
Found no POS for lemma hiihdot
Found no POS for lemma hiihtokilpailut
Found no POS for lemma kyyrötellä
Found no POS for lemma hyttysiä
Found no POS for lemma sauvoskella
Found no POS for lemma čuimmon
Found no POS for lemma čujuhuvvat
Found no POS for lemma pistelemäksi
Found no POS for lemma haittakapulalla
Found no POS for lemma juoksuesteellä
Found no POS for lemma 
Found no POS for lemma 
Found no POS for lemma čuntet
Found no POS for lemma hiekkakunnas
Found no POS for lemma čuobbut
Found no POS for lemma pysähdyttää
Found no POS for lemma seisten
Found no POS for lemma jaloillaan
Found no POS for lemma čuoččuldit
Found no POS for lemma seisomassa
Found no POS for lemma sointuvasti
Found no POS for lemma čuodjalvuohta
Found no POS for lemma čuođát
Found no POS for lemma sadas
Found no POS for lemma čuođbaluvvat
Found no POS for lemma čuođi
Found no POS for lemma latkittaa
Found no POS for lemma čuohcalit
Found no POS for lemma maajää
Found no POS for lemma čuohkiluvvat
Found no POS for lemma maajäätä
Found no POS for lemma jäätymään
Found no POS for lemma čuohppasit
Found no POS for lemma satatuhatta
Found no POS for lemma čuohteproseantasaš
Found no POS for lemma hiihtämään
Found no POS for lemma hiihtämään
Found no POS for lemma hiihtämään
Found no POS for lemma hiihtämään
Found no POS for lemma hiihtämään
Found no POS for lemma hiihtäen
Found no POS for lemma suksilla
Found no POS for lemma hiihdättäjä
Found no POS for lemma 
Found no POS for lemma hiihdätys
Found no POS for lemma 
Found no POS for lemma sääskinen
Found no POS for lemma hyttysiä
Found no POS for lemma sääskinen
Found no POS for lemma hyttysiä
Found no POS for lemma sääskinen
Found no POS for lemma hyttysiä
Found no POS for lemma sääskinen
Found no POS for lemma hyttysiä
Found no POS for lemma čuoikkeadni
Found no POS for lemma sauvoskella
Found no POS for lemma sauvoinpuu
Found no POS for lemma huonosointinen
Found no POS for lemma čuojahis
Found no POS for lemma huonosointinen
Found no POS for lemma soimaton
Found no POS for lemma čuojalmas
Found no POS for lemma huonosointinen
Found no POS for lemma huonosointinen
Found no POS for lemma huonosointisuus
Found no POS for lemma soinnuttomuus
Found no POS for lemma čuojustus
Found no POS for lemma pistel
Found no POS for lemma lyömään
Found no POS for lemma nuokkurikko
Found no POS for lemma suikeropaju
Found no POS for lemma nili
Found no POS for lemma pylvägrafiikka
Found no POS for lemma čuoldda
Found no POS for lemma köpöttää
Found no POS for lemma čuolddáhat
Found no POS for lemma čuolihit
Found no POS for lemma puita
Found no POS for lemma solmuton
Found no POS for lemma solmuton
Found no POS for lemma čuolo-
Found no POS for lemma suomustella
Found no POS for lemma suomustuttaa
Found no POS for lemma rae
Found no POS for lemma čuonamastit
Found no POS for lemma čuopmasit
Found no POS for lemma suomustua
Found no POS for lemma čuopmárasmuohta
Found no POS for lemma osaamattomana
Found no POS for lemma osaamattomaksi
Found no POS for lemma osaamattomuus
Found no POS for lemma osaamattomaksi
Found no POS for lemma osaamattomaksi
Found no POS for lemma čuorggáhallat
Found no POS for lemma čuorre-
Found no POS for lemma rae
Found no POS for lemma 
Found no POS for lemma rae
Found no POS for lemma rae
Found no POS for lemma čuorrat
Found no POS for lemma čuorvva
Found no POS for lemma čuorvvanas
Found no POS for lemma säe
Found no POS for lemma čudnes/čuotnadis
Found no POS for lemma čuovgakopieret
Found no POS for lemma loistella
Found no POS for lemma valaisemaksi
Found no POS for lemma hidasjärkisyys
Found no POS for lemma valistumattomuus
Found no POS for lemma čuovgganas
Found no POS for lemma čuovggasmuvvat
Found no POS for lemma čuovggašit
Found no POS for lemma loistaen
Found no POS for lemma välkehtien
Found no POS for lemma korkea-arvoisuus
Found no POS for lemma valovoimaisuus
Found no POS for lemma čuovuheapme
Found no POS for lemma seuraamaton
Found no POS for lemma čuovuhis
Found no POS for lemma seuraamaton
Found no POS for lemma 
Found no POS for lemma 
Found no POS for lemma tartuskella
Found no POS for lemma čuožžálahttit
Found no POS for lemma čuožžunčuovggat
Found no POS for lemma seisontavalot
Found no POS for lemma 
Found no POS for lemma čuppodit
Found no POS for lemma maikkuilla
Found no POS for lemma osaamattomuus
Found no POS for lemma čurolastašattut
Found no POS for lemma kihokkikasvit
Found no POS for lemma pyllötellä
Found no POS for lemma čurte-
Found no POS for lemma čurtebuvssat
Found no POS for lemma čurttástallat
Found no POS for lemma pyllötellä
Found no POS for lemma pikkusei
Found no POS for lemma čuvččuhit
Found no POS for lemma čuvdda
Found no POS for lemma čuvodahkes
Found no POS for lemma dadnái
Found no POS for lemma tinaisa
Found no POS for lemma dadnás
Found no POS for lemma tinaisa
Found no POS for lemma tekemään
Found no POS for lemma tekemättä
Found no POS for lemma daggir
Found no POS for lemma 
Found no POS for lemma dahkkanit
Found no POS for lemma dahku-
Found no POS for lemma dahkubánit
Found no POS for lemma dahppasaddat
Found no POS for lemma dakšat
Found no POS for lemma -pa
Found no POS for lemma pä
Found no POS for lemma silloisesta
Found no POS for lemma dalkat
Found no POS for lemma dalkkas
Found no POS for lemma dalluid
Found no POS for lemma 
Found no POS for lemma dalvadit
Found no POS for lemma danheakka!
Found no POS for lemma hitto!
Found no POS for lemma daŋasšattut
Found no POS for lemma varpukasvit
Found no POS for lemma varvut
Found no POS for lemma darfái
Found no POS for lemma turpeikas
Found no POS for lemma darfás
Found no POS for lemma turpeikas
Found no POS for lemma dárfeseamul
Found no POS for lemma turpeilla
Found no POS for lemma darras
Found no POS for lemma darre-
Found no POS for lemma tarttuilla
Found no POS for lemma darve-
Found no POS for lemma darvváhus
Found no POS for lemma tarttuilla
Found no POS for lemma tuupiskella
Found no POS for lemma tuupiskella
Found no POS for lemma tiukaksi
Found no POS for lemma tiukaksi
Found no POS for lemma samettisuus
Found no POS for lemma tiukaksi
Found no POS for lemma lujaksi
Found no POS for lemma daškkiidit
Found no POS for lemma pohjoiseen
Found no POS for lemma koilliseen
Found no POS for lemma luoteeseen
Found no POS for lemma pohjoisesta
Found no POS for lemma pohjoisin
Found no POS for lemma pohjoisempi
Found no POS for lemma oikovesirikko
Found no POS for lemma ruijankeulankärki
Found no POS for lemma davvelaš
Found no POS for lemma davibužžii
Found no POS for lemma davibuččas
Found no POS for lemma davvenuortalii
Found no POS for lemma koillisemmaksi
Found no POS for lemma davvenuortalis
Found no POS for lemma koillisempana
Found no POS for lemma koillisempaa
Found no POS for lemma ehytlehtivillakko
Found no POS for lemma ruijanpahtahanhikki
Found no POS for lemma revontulet
Found no POS for lemma pohjoisessa
Found no POS for lemma koillisessa
Found no POS for lemma davvinnuortin
Found no POS for lemma koillisessa
Found no POS for lemma luoteessa
Found no POS for lemma yhteispohjoismaisesti
Found no POS for lemma davvivuohta
Found no POS for lemma yleispoliittinen
Found no POS for lemma tavallisin
Found no POS for lemma yleisin
Found no POS for lemma dábmái
Found no POS for lemma koulimaan
Found no POS for lemma taamomaan
Found no POS for lemma dábmás
Found no POS for lemma koulimaan
Found no POS for lemma taamomaan
Found no POS for lemma eksymätön
Found no POS for lemma eksymätön
Found no POS for lemma taajova
Found no POS for lemma dáđđe-
Found no POS for lemma dágget
Found no POS for lemma taoskella
Found no POS for lemma jankuttamaan
Found no POS for lemma tae
Found no POS for lemma dáhppu
Found no POS for lemma motivoitumaton
Found no POS for lemma motivoitumaton
Found no POS for lemma tarkoituksella
Found no POS for lemma tarkoituksella
Found no POS for lemma pehmeäteräinen
Found no POS for lemma rieskaa
Found no POS for lemma dáiku
Found no POS for lemma dáisái
Found no POS for lemma dáisás
Found no POS for lemma hulluttelija
Found no POS for lemma taajoja
Found no POS for lemma kuivettumaan
Found no POS for lemma parkkiintumaan
Found no POS for lemma dákte-
Found no POS for lemma luu
Found no POS for lemma 
Found no POS for lemma 
Found no POS for lemma "lääke"
Found no POS for lemma lääkityttää
Found no POS for lemma lääkitsijä
Found no POS for lemma kenkäheinäerä
Found no POS for lemma kotieläimet
Found no POS for lemma talostelija
Found no POS for lemma talossa
Found no POS for lemma dálut
Found no POS for lemma dálveeana
Found no POS for lemma talvimarkkinat
Found no POS for lemma talvilaitumet
Found no POS for lemma talventörröttäjä
Found no POS for lemma talvella
Found no POS for lemma talvella
Found no POS for lemma dálve-
Found no POS for lemma dálvvášit
Found no POS for lemma /em>talvisaikaan
Found no POS for lemma dálvvit
Found no POS for lemma taamoskella
Found no POS for lemma koulituttaa
Found no POS for lemma taamottaa
Found no POS for lemma koulimaton
Found no POS for lemma tömähdyttää
Found no POS for lemma dánsejaččat
Found no POS for lemma tanssiaiset
Found no POS for lemma tanssahtaa
Found no POS for lemma dánskkán
Found no POS for lemma tännempi
Found no POS for lemma tarvikkeet
Found no POS for lemma dárješ
Found no POS for lemma dárjes
Found no POS for lemma tarkin
Found no POS for lemma tarkin
Found no POS for lemma täsmällisin
Found no POS for lemma dárkudit
Found no POS for lemma dárpmahit
Found no POS for lemma dárpmehuddat
Found no POS for lemma toimintakyvyttömänä
Found no POS for lemma norjan
Found no POS for lemma dársái
Found no POS for lemma pullakka
Found no POS for lemma dársás
Found no POS for lemma pullakka
Found no POS for lemma dássašuvvat
Found no POS for lemma kuitit
Found no POS for lemma yhdenvertaisesti
Found no POS for lemma -dássásaš
Found no POS for lemma -tasoinen
Found no POS for lemma deassedeattohis
Found no POS for lemma dássehus
Found no POS for lemma dásselieliekkas
Found no POS for lemma dásseseaggi
Found no POS for lemma dásseseakka
Found no POS for lemma tasokkuus
Found no POS for lemma dáškái
Found no POS for lemma dáškás
Found no POS for lemma dávdás
Found no POS for lemma dávdii
Found no POS for lemma dávdes
Found no POS for lemma -dávddat
Found no POS for lemma -tautinen
Found no POS for lemma dávgašuhttit
Found no POS for lemma sitkeäksi
Found no POS for lemma sitkeäksi
Found no POS for lemma sitkastua
Found no POS for lemma tiuhassa
Found no POS for lemma tiuhaan
Found no POS for lemma tiuhaan
Found no POS for lemma yleisin
Found no POS for lemma taajin
Found no POS for lemma tiuhin
Found no POS for lemma tiuhassa
Found no POS for lemma tiuhaan
Found no POS for lemma tiuhassa
Found no POS for lemma yleisempi
Found no POS for lemma taajempi
Found no POS for lemma tiuhempi
Found no POS for lemma huimausta
Found no POS for lemma huimausta
Found no POS for lemma kirjovyö
Found no POS for lemma mehuton
Found no POS for lemma paksuseinäinen
Found no POS for lemma -dávttat
Found no POS for lemma -luinen
Found no POS for lemma -ruotoinen
Found no POS for lemma vähäluinen
Found no POS for lemma vähäruotoinen
Found no POS for lemma vähäluinen
Found no POS for lemma vähäruotoinen
Found no POS for lemma tavarakiisa
Found no POS for lemma deabaidit
Found no POS for lemma painahuttaa
Found no POS for lemma deaddit
Found no POS for lemma deaddját
Found no POS for lemma deafan
Found no POS for lemma rivosti
Found no POS for lemma deahkas
Found no POS for lemma luisevoitua
Found no POS for lemma tiuhassa
Found no POS for lemma deaivvadit
Found no POS for lemma deamádahttit
Found no POS for lemma deamsut
Found no POS for lemma deaŋggastit
Found no POS for lemma dearašuvvat
Found no POS for lemma piinaantua
Found no POS for lemma kaikertaa
Found no POS for lemma täpärällä
Found no POS for lemma täpärällä
Found no POS for lemma dearidit
Found no POS for lemma verkakoristeella
Found no POS for lemma dearpmádat
Found no POS for lemma taoskella
Found no POS for lemma teräosa
Found no POS for lemma terveenä
Found no POS for lemma terveeksi
Found no POS for lemma dearvva!
Found no POS for lemma terve!
Found no POS for lemma hei!
Found no POS for lemma 
Found no POS for lemma dearvvahansánit
Found no POS for lemma tervehdyssanat
Found no POS for lemma dearvvasvuođalas
Found no POS for lemma terveenä
Found no POS for lemma dearvvuođat
Found no POS for lemma terveiset
Found no POS for lemma hyvästit
Found no POS for lemma jäähyväiset
Found no POS for lemma deaškásit
Found no POS for lemma lätkähtää
Found no POS for lemma lätkähtää
Found no POS for lemma litteävita
Found no POS for lemma lätke
Found no POS for lemma lätkähtää
Found no POS for lemma lätkähtää
Found no POS for lemma lätkytellä
Found no POS for lemma deatnjásit
Found no POS for lemma tenonvene
Found no POS for lemma tenolaisvene
Found no POS for lemma tenonranta
Found no POS for lemma jokea
Found no POS for lemma tenoa
Found no POS for lemma tenonlaakso
Found no POS for lemma teno
Found no POS for lemma deattáhus
Found no POS for lemma deattus
Found no POS for lemma deavddabuvssat
Found no POS for lemma toppahousut
Found no POS for lemma täytättää
Found no POS for lemma deavkkas
Found no POS for lemma deavka
Found no POS for lemma dedikašuvdna
Found no POS for lemma tärkein
Found no POS for lemma dentaalinen
Found no POS for lemma deren
Found no POS for lemma desi-
Found no POS for lemma devalvašuvdna
Found no POS for lemma rusennella
Found no POS for lemma likistämäksi
Found no POS for lemma puristamaksi
Found no POS for lemma rusentamaksi
Found no POS for lemma tummalahnaruoho
Found no POS for lemma devoni
Found no POS for lemma dia
Found no POS for lemma dielektálalaš
Found no POS for lemma dibaštit
Found no POS for lemma monitietoinen
Found no POS for lemma diđot
Found no POS for lemma diebbelebbui
Found no POS for lemma diebbeleappos
Found no POS for lemma tupsuuntua
Found no POS for lemma tupsumainen
Found no POS for lemma diehppe-
Found no POS for lemma tupsumainen
Found no POS for lemma tupsulla
Found no POS for lemma tupsumainen
Found no POS for lemma tupsuuntua
Found no POS for lemma diehppái
Found no POS for lemma tupsuinen
Found no POS for lemma diehppás
Found no POS for lemma tupsuinen
Found no POS for lemma mykerökukkaiset
Found no POS for lemma tupsuuntua
Found no POS for lemma diehtta
Found no POS for lemma tiedoksi
Found no POS for lemma tiedoksi
Found no POS for lemma tietävänsorttinen
Found no POS for lemma diehtunaddi
Found no POS for lemma tiedoksisaanti
Found no POS for lemma kaihinen
Found no POS for lemma dieige-
Found no POS for lemma kaihinen
Found no POS for lemma täpläsuivakko
Found no POS for lemma pilkkaniska
Found no POS for lemma diella
Found no POS for lemma tympäännys
Found no POS for lemma mainitunkaltainen
Found no POS for lemma sikimmäinen
Found no POS for lemma sikimmillään
Found no POS for lemma lähimmillään
Found no POS for lemma sikempi
Found no POS for lemma dierpmis
Found no POS for lemma dievadus
Found no POS for lemma dievduvuohta
Found no POS for lemma tieva
Found no POS for lemma difteriija
Found no POS for lemma tivailla
Found no POS for lemma tivailla
Found no POS for lemma tinkijä
Found no POS for lemma käräjähai
Found no POS for lemma diggegolut
Found no POS for lemma oikeudenkäyntikulut
Found no POS for lemma käräjät
Found no POS for lemma tikoilla
Found no POS for lemma dihkkái
Found no POS for lemma dihkkás
Found no POS for lemma tikkatie
Found no POS for lemma täi
Found no POS for lemma tietokonenohjelma
Found no POS for lemma -diibmosaš
Found no POS for lemma -tuntinen
Found no POS for lemma enteisiin
Found no POS for lemma enteisiin
Found no POS for lemma enteisiin
Found no POS for lemma enteisiin
Found no POS for lemma diiddadit
Found no POS for lemma noituutta
Found no POS for lemma noituutta
Found no POS for lemma tunnilleen
Found no POS for lemma dikkal
Found no POS for lemma täpläsilmäinen
Found no POS for lemma hoitoala
Found no POS for lemma hytkymään
Found no POS for lemma rauhattomaksi
Found no POS for lemma dilkalit
Found no POS for lemma dilláduvvat
Found no POS for lemma olot
Found no POS for lemma olosuhteet
Found no POS for lemma kesäteräinen
Found no POS for lemma kesäteräinen
Found no POS for lemma vastentahtoisena
Found no POS for lemma dilsut
Found no POS for lemma vastentahtoiseksi
Found no POS for lemma pehmeältä
Found no POS for lemma pehmeäluontoisuus
Found no POS for lemma ansiot
Found no POS for lemma päärmäillä
Found no POS for lemma 
Found no POS for lemma 
Found no POS for lemma dirbbogis
Found no POS for lemma dirbmehit
Found no POS for lemma nimeksi
Found no POS for lemma dirrut
Found no POS for lemma dirrut
Found no POS for lemma diksurssi
Found no POS for lemma erillislupa
Found no POS for lemma erillislupa
Found no POS for lemma disputašuvdna
Found no POS for lemma dišká
Found no POS for lemma diškkán
Found no POS for lemma divideanta
Found no POS for lemma kalliisti
Found no POS for lemma kalliisti
Found no POS for lemma divrái
Found no POS for lemma itikkainen
Found no POS for lemma divrás
Found no POS for lemma itikkainen
Found no POS for lemma hintaa
Found no POS for lemma /em>jalokivi
Found no POS for lemma divskkastit
Found no POS for lemma divttástus
Found no POS for lemma vedenpitävänä
Found no POS for lemma kunnostustyö
Found no POS for lemma sutaisten
Found no POS for lemma doađggas
Found no POS for lemma hössöttelevä
Found no POS for lemma doađgit
Found no POS for lemma tärppäillä
Found no POS for lemma doahttadit
Found no POS for lemma 
Found no POS for lemma doaibmagolut
Found no POS for lemma toimintakustannukset
Found no POS for lemma toimitilat
Found no POS for lemma doaibmanávccat
Found no POS for lemma doaibmái
Found no POS for lemma doaibmás
Found no POS for lemma doaimmahannávccat
Found no POS for lemma toivoskella
Found no POS for lemma doaivvuhuddat
Found no POS for lemma doajádat
Found no POS for lemma taitattaa
Found no POS for lemma vastaanpaneva
Found no POS for lemma doallánit
Found no POS for lemma -pitoinen
Found no POS for lemma doallu
Found no POS for lemma doalvái
Found no POS for lemma doalvás
Found no POS for lemma doaŋge-
Found no POS for lemma jäykistyttää
Found no POS for lemma dobmes/doapmadis
Found no POS for lemma tupuli
Found no POS for lemma doares-
Found no POS for lemma poikittais-
Found no POS for lemma poikkivirtaan
Found no POS for lemma doaresflöita
Found no POS for lemma poikkipato
Found no POS for lemma poikittais-
Found no POS for lemma poikki-
Found no POS for lemma poikittais-
Found no POS for lemma poikki-
Found no POS for lemma doarjánit
Found no POS for lemma tukiosa
Found no POS for lemma doarki
Found no POS for lemma kovakoura
Found no POS for lemma doarkkas
Found no POS for lemma doarka
Found no POS for lemma 
Found no POS for lemma poikkisuunnassa
Found no POS for lemma poikkisuuntaan
Found no POS for lemma doarse-
Found no POS for lemma 
Found no POS for lemma lätkähdellä
Found no POS for lemma lätkähtää
Found no POS for lemma lätkytellä
Found no POS for lemma doavdnjái
Found no POS for lemma doavdnjás
Found no POS for lemma typerähkö
Found no POS for lemma typeränä
Found no POS for lemma doavskit
Found no POS for lemma maiskahdella
Found no POS for lemma rauhallisemmin
Found no POS for lemma asettumaan
Found no POS for lemma paataja
Found no POS for lemma takkala
Found no POS for lemma paataja
Found no POS for lemma taituskella
Found no POS for lemma taittuilla
Found no POS for lemma muodokkaaksi
Found no POS for lemma reheväksi
Found no POS for lemma dohkka
Found no POS for lemma dohkkestuddat
Found no POS for lemma 
Found no POS for lemma paataa
Found no POS for lemma nappaamaan
Found no POS for lemma tärppäämään
Found no POS for lemma toivoella
Found no POS for lemma doksái
Found no POS for lemma doksás
Found no POS for lemma dolde-
Found no POS for lemma 
Found no POS for lemma dolka
Found no POS for lemma tympiinnyttää
Found no POS for lemma 
Found no POS for lemma kipunointi
Found no POS for lemma tulisase
Found no POS for lemma dollja
Found no POS for lemma typeri
Found no POS for lemma muinaisjäänne
Found no POS for lemma muinaisnorjankielinen
Found no POS for lemma muinaisnorjalainen
Found no POS for lemma muinaisnorjalainen
Found no POS for lemma muinaisruotsi
Found no POS for lemma arkelologi
Found no POS for lemma donitsa
Found no POS for lemma doŋŋerbuvssat
Found no POS for lemma farmarit
Found no POS for lemma farkut
Found no POS for lemma kaukaisimmillaan
Found no POS for lemma ovi
Found no POS for lemma puskemaksi
Found no POS for lemma dorre-
Found no POS for lemma dorreplaneahtta
Found no POS for lemma vaivaispäästäinen
Found no POS for lemma läpsäyttämäksi
Found no POS for lemma tunnistamaan
Found no POS for lemma tunnusteapmi
Found no POS for lemma dovddoheapme
Found no POS for lemma dovddohis
Found no POS for lemma dovdeš
Found no POS for lemma tunnistamaan
Found no POS for lemma dovdes
Found no POS for lemma tunnistamaan
Found no POS for lemma kääreellä
Found no POS for lemma suojuksella
Found no POS for lemma oleellisesti
Found no POS for lemma dovdosaččat
Found no POS for lemma dovskkástit
Found no POS for lemma tössähtää
Found no POS for lemma tössähtää
Found no POS for lemma dropsa
Found no POS for lemma duo
Found no POS for lemma hössöttäjä
Found no POS for lemma duđđái
Found no POS for lemma duđđás
Found no POS for lemma duđgái
Found no POS for lemma duđgás
Found no POS for lemma duđgguhit
Found no POS for lemma tuohustaa
Found no POS for lemma tuohustaa
Found no POS for lemma tuhannes
Found no POS for lemma duhkka
Found no POS for lemma beavdeliidni
Found no POS for lemma duhkorahkes
Found no POS for lemma duhrra
Found no POS for lemma duhrratableahtta
Found no POS for lemma tyytymättömänä
Found no POS for lemma duhttu
Found no POS for lemma duipái
Found no POS for lemma duipás
Found no POS for lemma /em>mokasin
Found no POS for lemma duipošit
Found no POS for lemma duipe-
Found no POS for lemma duiskkastit
Found no POS for lemma duivái
Found no POS for lemma duivás
Found no POS for lemma duive-
Found no POS for lemma säästöt
Found no POS for lemma säästörahat
Found no POS for lemma 
Found no POS for lemma polkemaksi
Found no POS for lemma dulpu
Found no POS for lemma dulpe-
Found no POS for lemma 
Found no POS for lemma 
Found no POS for lemma dulput
Found no POS for lemma dulvvádat
Found no POS for lemma dulve-
Found no POS for lemma -dumat
Found no POS for lemma -tuumainen
Found no POS for lemma dumsu-
Found no POS for lemma pölöttäjä
Found no POS for lemma duŋka
Found no POS for lemma tavoittamaksi
Found no POS for lemma vuorottainen
Found no POS for lemma duođasmuvvat
Found no POS for lemma takkuunnuttaa
Found no POS for lemma 
Found no POS for lemma säästössä
Found no POS for lemma säästössä
Found no POS for lemma säästöön
Found no POS for lemma säästöön
Found no POS for lemma duohččasit
Found no POS for lemma tuohustaa
Found no POS for lemma 
Found no POS for lemma duohppil
Found no POS for lemma /em>toteutua
Found no POS for lemma duogge-
Found no POS for lemma paikkajalka
Found no POS for lemma paikkakylki
Found no POS for lemma duolá
Found no POS for lemma litteänurmikka
Found no POS for lemma latteaksi
Found no POS for lemma tasaisena
Found no POS for lemma duolbbo-
Found no POS for lemma duolbbogiehta
Found no POS for lemma avokämmen
Found no POS for lemma latteana
Found no POS for lemma vaakasuorassa
Found no POS for lemma duole
Found no POS for lemma 
Found no POS for lemma duolladis/dulles
Found no POS for lemma tallaamaksi
Found no POS for lemma astuttaja
Found no POS for lemma poljettaa
Found no POS for lemma poljetuttaa
Found no POS for lemma suivakko
Found no POS for lemma lianvärinen
Found no POS for lemma duomismeasvahkku
Found no POS for lemma duonbeallásaš
Found no POS for lemma duopmo-
Found no POS for lemma kaukaisimmillaan
Found no POS for lemma niittailla
Found no POS for lemma duorbi
Found no POS for lemma duoret
Found no POS for lemma varvuilla
Found no POS for lemma varvuilla
Found no POS for lemma risuilla
Found no POS for lemma niittautua
Found no POS for lemma pallinaamainen
Found no POS for lemma duorše-
Found no POS for lemma pallinaamainen
Found no POS for lemma tundrainen
Found no POS for lemma tundramainen
Found no POS for lemma tunturimainen
Found no POS for lemma tunturimainen
Found no POS for lemma tundrainen
Found no POS for lemma tundramainen
Found no POS for lemma tunturimainen
Found no POS for lemma tunturimainen
Found no POS for lemma duottastit
Found no POS for lemma duottoheapme
Found no POS for lemma ärtyyntynyt
Found no POS for lemma duottohis
Found no POS for lemma ärtyyntynyt
Found no POS for lemma pakurikääpä
Found no POS for lemma tauloa
Found no POS for lemma duppal-
Found no POS for lemma tarpomaan
Found no POS for lemma porskauttaa
Found no POS for lemma porskahtaa
Found no POS for lemma tuhruisena
Found no POS for lemma tahmaisena
Found no POS for lemma durde-
Found no POS for lemma takkala
Found no POS for lemma paataja
Found no POS for lemma varvuilla
Found no POS for lemma risuilla
Found no POS for lemma lattiavarpuja
Found no POS for lemma risuttaa
Found no POS for lemma durgidit
Found no POS for lemma durkkagiella
Found no POS for lemma durvvát
Found no POS for lemma dusen
Found no POS for lemma duskáduvvat
Found no POS for lemma duskái
Found no POS for lemma duskás
Found no POS for lemma arkailematon
Found no POS for lemma arkailematon
Found no POS for lemma esteenä
Found no POS for lemma turhautuneisuus
Found no POS for lemma turhanpäiväisenä
Found no POS for lemma duššáštuhttit
Found no POS for lemma dutkan-
Found no POS for lemma dutkkahus
Found no POS for lemma dutkkalmasat
Found no POS for lemma 
Found no POS for lemma kuulustelut
Found no POS for lemma tutkimukset
Found no POS for lemma dutnal
Found no POS for lemma köpöttää
Found no POS for lemma tuonnottain
Found no POS for lemma duvlláš
Found no POS for lemma pahastuneisuus
Found no POS for lemma eadneeana
Found no POS for lemma emo
Found no POS for lemma eagážan!
Found no POS for lemma setäseni!
Found no POS for lemma eahkedaččat
Found no POS for lemma illaksi
Found no POS for lemma illalla
Found no POS for lemma iltapuoleen
Found no POS for lemma illansuussa
Found no POS for lemma eahketdoalut
Found no POS for lemma veljenlapsi
Found no POS for lemma 
Found no POS for lemma eahpe-
Found no POS for lemma epä-
Found no POS for lemma epäluonteva
Found no POS for lemma epäyställinen
Found no POS for lemma epäilemätön
Found no POS for lemma eahtat
Found no POS for lemma haltijana
Found no POS for lemma omistajana
Found no POS for lemma omistajana
Found no POS for lemma 
Found no POS for lemma vanhemmat
Found no POS for lemma eaippárgahttit
Found no POS for lemma eaippálgahttit
Found no POS for lemma eaippálguvvat
Found no POS for lemma eaippir
Found no POS for lemma tarkoituksella
Found no POS for lemma elinolosuhteet
Found no POS for lemma ealihan-
Found no POS for lemma saamattomaksi
Found no POS for lemma ealladagat
Found no POS for lemma elkeet
Found no POS for lemma elinolosuhteet
Found no POS for lemma eallingolut
Found no POS for lemma elinkustannukset
Found no POS for lemma elinolosuhteet
Found no POS for lemma eallinmuitalusat
Found no POS for lemma muistelmat
Found no POS for lemma tokanosa
Found no POS for lemma elo
Found no POS for lemma eami-
Found no POS for lemma emäntineen
Found no POS for lemma vaimoineen
Found no POS for lemma eamiduššat
Found no POS for lemma villilohi
Found no POS for lemma syntymässä
Found no POS for lemma eamitvuohta
Found no POS for lemma eana
Found no POS for lemma maa
Found no POS for lemma eanan
Found no POS for lemma maa
Found no POS for lemma maa
Found no POS for lemma paljona
Found no POS for lemma eandán
Found no POS for lemma useammat
Found no POS for lemma eangalsgiella
Found no POS for lemma eno
Found no POS for lemma emi
Found no POS for lemma earáguvllot
Found no POS for lemma erä
Found no POS for lemma earbmálastit
Found no POS for lemma ärsytellä
Found no POS for lemma eareburán
Found no POS for lemma earis
Found no POS for lemma earistit
Found no POS for lemma toiseuttaa
Found no POS for lemma syrjäkautta
Found no POS for lemma ero
Found no POS for lemma erä
Found no POS for lemma earrodearvvuođat
Found no POS for lemma hyvästit
Found no POS for lemma jäähyväiset
Found no POS for lemma ero
Found no POS for lemma ero
Found no POS for lemma ero
Found no POS for lemma eartnjehastit
Found no POS for lemma eatnjehastit
Found no POS for lemma eallnjehastit
Found no POS for lemma eartnjehuvvat
Found no POS for lemma jaksamattomaksi
Found no POS for lemma täytesanana
Found no POS for lemma täytesanana
Found no POS for lemma easkkanáitalan
Found no POS for lemma easkkariegádan
Found no POS for lemma easttalaš
Found no POS for lemma easkálupmi
Found no POS for lemma eatnamiibukti
Found no POS for lemma maanvihat
Found no POS for lemma useimmat
Found no POS for lemma useimmat
Found no POS for lemma eatnádat
Found no POS for lemma huono-onnisuus
Found no POS for lemma eatnáduddat
Found no POS for lemma eatnádupmi
Found no POS for lemma eatnáhuvvat
Found no POS for lemma eatnážan!
Found no POS for lemma marianmessu
Found no POS for lemma eno
Found no POS for lemma eavddirdit
Found no POS for lemma eavrošattut
Found no POS for lemma tatarkasvit
Found no POS for lemma ehdoitta
Found no POS for lemma eavvabahta
Found no POS for lemma enoineen
Found no POS for lemma ednožan!
Found no POS for lemma enoseni!
Found no POS for lemma setineen
Found no POS for lemma 
Found no POS for lemma egešguovttos
Found no POS for lemma egežat
Found no POS for lemma ehpos
Found no POS for lemma ehtemastit
Found no POS for lemma eisemáhku
Found no POS for lemma eiseválddit
Found no POS for lemma viranomaiset
Found no POS for lemma ekspluatašuvdna
Found no POS for lemma ekspluateret
Found no POS for lemma hyväksikäyttää
Found no POS for lemma 
Found no POS for lemma 
Found no POS for lemma 
Found no POS for lemma elljui
Found no POS for lemma elljos
Found no POS for lemma elljuivuohta
Found no POS for lemma pororikas
Found no POS for lemma emállja
Found no POS for lemma emmá
Found no POS for lemma emošuvdna
Found no POS for lemma empáhtaš
Found no POS for lemma äitiseni
Found no POS for lemma entsyma
Found no POS for lemma eremihtta
Found no POS for lemma eretčuoldi
Found no POS for lemma eretgokči
Found no POS for lemma eretvádjolit
Found no POS for lemma erkkebeaivi
Found no POS for lemma erkki
Found no POS for lemma erkkevahkku
Found no POS for lemma erkinviikko
Found no POS for lemma ero
Found no POS for lemma essot
Found no POS for lemma estetihkkár
Found no POS for lemma etnešguovttos
Found no POS for lemma eváseahkka
Found no POS for lemma evearsta
Found no POS for lemma evearstalutnána
Found no POS for lemma fadnot
Found no POS for lemma fađastat
Found no POS for lemma koukkailla
Found no POS for lemma pitkänä
Found no POS for lemma falanis
Found no POS for lemma urheilukisat
Found no POS for lemma urheilukisat
Found no POS for lemma nopeajalkaisuus
Found no POS for lemma singuttaa
Found no POS for lemma fanus
Found no POS for lemma fariinnat
Found no POS for lemma fasáda
Found no POS for lemma rumana
Found no POS for lemma vistous
Found no POS for lemma vaikeakulkuisuus
Found no POS for lemma vistona
Found no POS for lemma fasista
Found no POS for lemma venytyksessä
Found no POS for lemma sinkua
Found no POS for lemma fáđasit
Found no POS for lemma jyrkkänään
Found no POS for lemma äkkijyrkkänä
Found no POS for lemma fáhkkačiekŋalis
Found no POS for lemma jyrkkämutkainen
Found no POS for lemma äkki-
Found no POS for lemma äkki-
Found no POS for lemma äkki-
Found no POS for lemma äkki-
Found no POS for lemma fáhtálas
Found no POS for lemma huiskahdella
Found no POS for lemma fákkiidit
Found no POS for lemma 
Found no POS for lemma fálbmái
Found no POS for lemma lujaryntäinen
Found no POS for lemma fálbmás
Found no POS for lemma lujaryntäinen
Found no POS for lemma fálbmut
Found no POS for lemma halvari
Found no POS for lemma kehnoksi
Found no POS for lemma huijaamaksi
Found no POS for lemma puijari
Found no POS for lemma fálttehat
Found no POS for lemma haalarit
Found no POS for lemma fáluhus
Found no POS for lemma pätemättömäksi
Found no POS for lemma pätemättömäksi
Found no POS for lemma voimaannuttaa
Found no POS for lemma fáner
Found no POS for lemma fánten!
Found no POS for lemma pahus!
Found no POS for lemma fárao
Found no POS for lemma fárken
Found no POS for lemma tupaantuliaiset
Found no POS for lemma kyytiin
Found no POS for lemma fárruidohppejeaddji
Found no POS for lemma fársa
Found no POS for lemma matkassa
Found no POS for lemma matkassa
Found no POS for lemma matkassa
Found no POS for lemma kyydissä
Found no POS for lemma fáskkus
Found no POS for lemma varmuudella
Found no POS for lemma lerpatus
Found no POS for lemma fáškkon
Found no POS for lemma syliinotto
Found no POS for lemma fáttal
Found no POS for lemma fávdnat
Found no POS for lemma fávdnadis
Found no POS for lemma fávlái
Found no POS for lemma virtava
Found no POS for lemma fávlái
Found no POS for lemma virtava
Found no POS for lemma kauniina
Found no POS for lemma veistäjä
Found no POS for lemma fearffagit
Found no POS for lemma fearffas
Found no POS for lemma fearfe-
Found no POS for lemma fearfi
Found no POS for lemma -feargasaš
Found no POS for lemma -värinen
Found no POS for lemma fearra
Found no POS for lemma fäärsaarelainen
Found no POS for lemma lobbailu
Found no POS for lemma hinailla
Found no POS for lemma raahailla
Found no POS for lemma ferija
Found no POS for lemma ferkkohat
Found no POS for lemma fernissa
Found no POS for lemma ficce!
Found no POS for lemma hyi!
Found no POS for lemma ammattiura
Found no POS for lemma fiehtar
Found no POS for lemma fiehttofovdna
Found no POS for lemma äly
Found no POS for lemma järvien
Found no POS for lemma vieriskellä
Found no POS for lemma pyörittämään
Found no POS for lemma fierbmat
Found no POS for lemma viera
Found no POS for lemma kaarilla
Found no POS for lemma vierata
Found no POS for lemma hiekkamella
Found no POS for lemma fievri
Found no POS for lemma fievrradit
Found no POS for lemma 
Found no POS for lemma 
Found no POS for lemma fihččulit
Found no POS for lemma fiidnodat
Found no POS for lemma fikkahus
Found no POS for lemma fiktiivi
Found no POS for lemma fildar
Found no POS for lemma viekoittelija
Found no POS for lemma hämmenellä
Found no POS for lemma vatkailla
Found no POS for lemma vispailla
Found no POS for lemma suiste
Found no POS for lemma vatkaamaan
Found no POS for lemma poutaantua
Found no POS for lemma fiskesrássešattut
Found no POS for lemma leinikkikasvit
Found no POS for lemma fisket
Found no POS for lemma fiš!
Found no POS for lemma hyi!
Found no POS for lemma fiškkardallat
Found no POS for lemma ajoneuvon
Found no POS for lemma flamiŋgo
Found no POS for lemma flámagiella
Found no POS for lemma flánel
Found no POS for lemma flaneli
Found no POS for lemma flohtta
Found no POS for lemma makee
Found no POS for lemma florá
Found no POS for lemma flöita
Found no POS for lemma folkloristinen
Found no POS for lemma vapaana
Found no POS for lemma vapaaksi
Found no POS for lemma nurisemaan
Found no POS for lemma fulkkešguovttos
Found no POS for lemma fulkkežat
Found no POS for lemma huokealla
Found no POS for lemma fuoi!
Found no POS for lemma hyi!
Found no POS for lemma fuolar
Found no POS for lemma fuolkái
Found no POS for lemma fuolkás
Found no POS for lemma fuolkegieris
Found no POS for lemma fuomášahkes
Found no POS for lemma fuopmášahkes
Found no POS for lemma kehnona
Found no POS for lemma fuonitvuohta
Found no POS for lemma pahus!
Found no POS for lemma furet
Found no POS for lemma lääninkäräjät
Found no POS for lemma fyra
Found no POS for lemma pinkomaan
Found no POS for lemma gaddjái
Found no POS for lemma hälyinen
Found no POS for lemma gaddjás
Found no POS for lemma hälyinen
Found no POS for lemma gaddjii
Found no POS for lemma hälyinen
Found no POS for lemma gaddjes
Found no POS for lemma hälyinen
Found no POS for lemma itaraksi
Found no POS for lemma saidaksi
Found no POS for lemma putoamaisillaan
Found no POS for lemma tuloillaan
Found no POS for lemma gahpaluvvat
Found no POS for lemma lakiton
Found no POS for lemma lakiton
Found no POS for lemma lakitta
Found no POS for lemma lakitta
Found no POS for lemma gahppái
Found no POS for lemma gahppás
Found no POS for lemma gahppii
Found no POS for lemma gahppes
Found no POS for lemma nyrhätä
Found no POS for lemma gaikásaddat
Found no POS for lemma ratkeamaisillaan
Found no POS for lemma repeymä
Found no POS for lemma tuulenpaljastama
Found no POS for lemma gainnihit
Found no POS for lemma kiipeämään
Found no POS for lemma 
Found no POS for lemma kylteillä
Found no POS for lemma opasteilla
Found no POS for lemma galdii
Found no POS for lemma galdes
Found no POS for lemma galddašit
Found no POS for lemma -kos
Found no POS for lemma -kös
Found no POS for lemma isosilmäinen
Found no POS for lemma väljyydeltään
Found no POS for lemma ponnahdella
Found no POS for lemma kylläiseksi
Found no POS for lemma kylläiseksi
Found no POS for lemma kylästellä
Found no POS for lemma monenkolainen
Found no POS for lemma isosilmäinen
Found no POS for lemma isosilmäinen
Found no POS for lemma tajuttomaksi
Found no POS for lemma kylmänä
Found no POS for lemma galmmastupmi
Found no POS for lemma jäädytellä
Found no POS for lemma pakastella
Found no POS for lemma kylmältä
Found no POS for lemma galššagit
Found no POS for lemma sydämettömämmäksi
Found no POS for lemma sydämettömämmäksi
Found no POS for lemma sydämettömämmäksi
Found no POS for lemma ganeštuvvat
Found no POS for lemma ganistit
Found no POS for lemma kyynelsilmin
Found no POS for lemma kyynelsilmin
Found no POS for lemma konttainen
Found no POS for lemma konttaantua
Found no POS for lemma konttaantua
Found no POS for lemma gaŋga
Found no POS for lemma gaŋggo-
Found no POS for lemma jolkotella
Found no POS for lemma oikosenaan
Found no POS for lemma suorana
Found no POS for lemma pystykaulainen
Found no POS for lemma pystykaulainen
Found no POS for lemma pystykaulainen
Found no POS for lemma pystykaulainen
Found no POS for lemma gaŋke-
Found no POS for lemma pystykaulainen
Found no POS for lemma pystypäisenä
Found no POS for lemma valkoturkkinen
Found no POS for lemma valkokarvainen
Found no POS for lemma valkoturkkinen
Found no POS for lemma valkokarvainen
Found no POS for lemma järsiintyä
Found no POS for lemma jyrsiintyä
Found no POS for lemma gargŋálastit
Found no POS for lemma kyynärsulka
Found no POS for lemma kipunointi
Found no POS for lemma säe
Found no POS for lemma ryöpsäytellä
Found no POS for lemma nälkäisenä
Found no POS for lemma gargut
Found no POS for lemma ruŋkegáranas
Found no POS for lemma garkit
Found no POS for lemma garkkihit
Found no POS for lemma garpái
Found no POS for lemma garpás
Found no POS for lemma garpe-
Found no POS for lemma garppihit
Found no POS for lemma kovo
Found no POS for lemma kovempi
Found no POS for lemma väkevämpi
Found no POS for lemma jäykkänata
Found no POS for lemma garrái
Found no POS for lemma garrás
Found no POS for lemma kiroilevuus
Found no POS for lemma gartnit
Found no POS for lemma gartnihis
Found no POS for lemma kiroilematon
Found no POS for lemma kiroilematon
Found no POS for lemma paksuin
Found no POS for lemma paksumpi
Found no POS for lemma keskentekoisena
Found no POS for lemma keskentekoiseksi
Found no POS for lemma /em>päivällisvieras
Found no POS for lemma gaskamahtásaš
Found no POS for lemma -gaskasaš
Found no POS for lemma välit
Found no POS for lemma gaskavuoigŋašat
Found no POS for lemma väliaivot
Found no POS for lemma karkku
Found no POS for lemma karkku
Found no POS for lemma höyhennellä
Found no POS for lemma puolivälistä
Found no POS for lemma raskaana
Found no POS for lemma raskaana
Found no POS for lemma raskaaksi
Found no POS for lemma reisilihakset
Found no POS for lemma usutella
Found no POS for lemma 
Found no POS for lemma paksuudeltaan
Found no POS for lemma peläke
Found no POS for lemma gavjaeana
Found no POS for lemma anikka
Found no POS for lemma peläke
Found no POS for lemma pullopohjainen
Found no POS for lemma pullopohjainen
Found no POS for lemma pahus!
Found no POS for lemma gavrras
Found no POS for lemma kippurana
Found no POS for lemma pyörimään
Found no POS for lemma kiveräsarvi
Found no POS for lemma gavvohávvar
Found no POS for lemma nyhtökaura
Found no POS for lemma nykityksi
Found no POS for lemma gavžžagit
Found no POS for lemma skavžžagit
Found no POS for lemma 
Found no POS for lemma ylpeänsorttinen
Found no POS for lemma gavže-
Found no POS for lemma 
Found no POS for lemma ylpeänsorttinen
Found no POS for lemma 
Found no POS for lemma ylpeänsorttinen
Found no POS for lemma skavže-
Found no POS for lemma 
Found no POS for lemma ylpeänsorttinen
Found no POS for lemma skavžžihit
Found no POS for lemma kopara
Found no POS for lemma kynsiluu
Found no POS for lemma koparasuoni
Found no POS for lemma gáddadastit
Found no POS for lemma gáddádit
Found no POS for lemma rantauttaa
Found no POS for lemma suuriluuloinen
Found no POS for lemma gádjunliivvat
Found no POS for lemma pelastusliivit
Found no POS for lemma gáđus
Found no POS for lemma gáđvvus
Found no POS for lemma pikkutyö
Found no POS for lemma gáfatlaš
Found no POS for lemma gággadis/gágges
Found no POS for lemma kampeaja
Found no POS for lemma papanoida
Found no POS for lemma 
Found no POS for lemma leivinkaara
Found no POS for lemma gáhppil
Found no POS for lemma karhakka
Found no POS for lemma gáhrat
Found no POS for lemma karhakka
Found no POS for lemma kadepäivä
Found no POS for lemma seurassa
Found no POS for lemma kaikottaa
Found no POS for lemma gáiggohallat
Found no POS for lemma kaimaksi
Found no POS for lemma kaimaksi
Found no POS for lemma gáimmežat
Found no POS for lemma kaimakset
Found no POS for lemma gáire-
Found no POS for lemma kaisa
Found no POS for lemma kaisa
Found no POS for lemma ruijankissankello
Found no POS for lemma gáisái
Found no POS for lemma gáisás
Found no POS for lemma gáison
Found no POS for lemma kaisalainen
Found no POS for lemma gáittát
Found no POS for lemma gáiváruššat
Found no POS for lemma sarvillaan
Found no POS for lemma käsiään
Found no POS for lemma käsillään
Found no POS for lemma kahdeksankymmentä
Found no POS for lemma 
Found no POS for lemma gákkesbuvssat
Found no POS for lemma sarkahousut
Found no POS for lemma gákkesmuorat
Found no POS for lemma kangaspuut
Found no POS for lemma gákkestuolut
Found no POS for lemma kangaspuut
Found no POS for lemma rukkaset
Found no POS for lemma gálgánit
Found no POS for lemma gálggosmit
Found no POS for lemma gálgŋadit
Found no POS for lemma gálgŋat
Found no POS for lemma eukkoineen
Found no POS for lemma vaimoineen
Found no POS for lemma eukkoseni!
Found no POS for lemma lasittumaan
Found no POS for lemma gállagieasaldat
Found no POS for lemma kallittaa
Found no POS for lemma kallita
Found no POS for lemma liistiä
Found no POS for lemma liinata
Found no POS for lemma vierityspuu
Found no POS for lemma kaljamalle
Found no POS for lemma kallokas
Found no POS for lemma kalmanhajuinen
Found no POS for lemma kalmanhajuinen
Found no POS for lemma kuolonkankea
Found no POS for lemma kuolonkankea
Found no POS for lemma gálojenežat
Found no POS for lemma kälykset
Found no POS for lemma säpäke
Found no POS for lemma säpäkkeensuu
Found no POS for lemma karahkainen
Found no POS for lemma karahkainen
Found no POS for lemma gálvii
Found no POS for lemma karahkainen
Found no POS for lemma gálves
Found no POS for lemma karahkainen
Found no POS for lemma tavaramessut
Found no POS for lemma kenkiä
Found no POS for lemma gámbil
Found no POS for lemma tumentua
Found no POS for lemma kumpus
Found no POS for lemma gándaburli
Found no POS for lemma gánnehanvuohta
Found no POS for lemma gánnáhanvuohta
Found no POS for lemma gánnihanvuohta
Found no POS for lemma kengittä
Found no POS for lemma gápposmit
Found no POS for lemma kaaristus
Found no POS for lemma kaariste
Found no POS for lemma kaaristaa
Found no POS for lemma gárdádit
Found no POS for lemma gárddástit
Found no POS for lemma paunetti
Found no POS for lemma aitauksen
Found no POS for lemma gárggiidus
Found no POS for lemma gárgŋe-
Found no POS for lemma kaaristettuna
Found no POS for lemma ahkiosta
Found no POS for lemma kaaristettuna
Found no POS for lemma ahkiosta
Found no POS for lemma kaaristettuna
Found no POS for lemma ahkiosta
Found no POS for lemma kaaristetuksi
Found no POS for lemma ahkiosta
Found no POS for lemma kaaristetuksi
Found no POS for lemma ahkiosta
Found no POS for lemma kaaristetuksi
Found no POS for lemma ahkiosta
Found no POS for lemma kaaristaa
Found no POS for lemma hiprakkaan
Found no POS for lemma hiprakassa
Found no POS for lemma gárremastit
Found no POS for lemma humalaan
Found no POS for lemma kertymään
Found no POS for lemma valmiiksi
Found no POS for lemma gárvenat
Found no POS for lemma häätyä
Found no POS for lemma niukennus
Found no POS for lemma gáskálasšattut
Found no POS for lemma nokkoskasvit
Found no POS for lemma gáskkáhas
Found no POS for lemma gássa-
Found no POS for lemma gássái
Found no POS for lemma gássás
Found no POS for lemma gássut
Found no POS for lemma ristiäiset
Found no POS for lemma kastajaiset
Found no POS for lemma gástameanut
Found no POS for lemma gásuhit
Found no POS for lemma sätkähtää
Found no POS for lemma taakkahihna
Found no POS for lemma takkahihna
Found no POS for lemma taakkahärkä
Found no POS for lemma takkahärkä
Found no POS for lemma gáttibui
Found no POS for lemma rannempi
Found no POS for lemma mutkalla
Found no POS for lemma kaarella
Found no POS for lemma kahdeksanneksi
Found no POS for lemma gávccát
Found no POS for lemma gávccátlohjahkásaš
Found no POS for lemma gávccátlohkái
Found no POS for lemma kahdeksattakymmentä
Found no POS for lemma kahdeksastoista
Found no POS for lemma kahdeksantoista
Found no POS for lemma gávcci
Found no POS for lemma kahdeksan
Found no POS for lemma gávccilogi
Found no POS for lemma kahdeksankymmentä
Found no POS for lemma kahdeksankymmentä
Found no POS for lemma gávccis
Found no POS for lemma kahdeksan
Found no POS for lemma gávččáhallat
Found no POS for lemma gávde-
Found no POS for lemma kupumaisena
Found no POS for lemma kuprulla
Found no POS for lemma köyryllä
Found no POS for lemma kaarella
Found no POS for lemma /em>umpimähkään
Found no POS for lemma veltoksi
Found no POS for lemma toljottamaan
Found no POS for lemma töllöttämään
Found no POS for lemma mitääntekemätön
Found no POS for lemma mitääntekemätön
Found no POS for lemma gávnnit
Found no POS for lemma vuodevaatteet
Found no POS for lemma makaukset
Found no POS for lemma laahustella
Found no POS for lemma nahjusmainen
Found no POS for lemma gávdnje-
Found no POS for lemma nahjusmainen
Found no POS for lemma gávpogastit
Found no POS for lemma gávpošit
Found no POS for lemma gávppár
Found no POS for lemma gávppuhit
Found no POS for lemma gávre-
Found no POS for lemma käyrällä
Found no POS for lemma käyrässä
Found no POS for lemma käyränä
Found no POS for lemma käyränä
Found no POS for lemma gávu-
Found no POS for lemma gávvar
Found no POS for lemma hankonen
Found no POS for lemma hankonen
Found no POS for lemma käkkyräinen
Found no POS for lemma gávze-
Found no POS for lemma käkkyräinen
Found no POS for lemma käkkyrässä
Found no POS for lemma gácces
Found no POS for lemma -ge
Found no POS for lemma -kaan
Found no POS for lemma -kään
Found no POS for lemma geađđadis/geđđes
Found no POS for lemma saiho
Found no POS for lemma saiho
Found no POS for lemma köyhäinkukkaro
Found no POS for lemma käetä
Found no POS for lemma käetä
Found no POS for lemma ohoh!
Found no POS for lemma geahccat
Found no POS for lemma paimentelu
Found no POS for lemma paimennella
Found no POS for lemma paimennuttaa
Found no POS for lemma geahčahus
Found no POS for lemma katsahdella
Found no POS for lemma 
Found no POS for lemma 
Found no POS for lemma katsoporo
Found no POS for lemma siula
Found no POS for lemma käkeäväinen
Found no POS for lemma käetä
Found no POS for lemma heikkoasteinen
Found no POS for lemma geahnohivuođalassi
Found no POS for lemma raihnaistua
Found no POS for lemma verkon
Found no POS for lemma puolailla
Found no POS for lemma kevennellä
Found no POS for lemma keveänä
Found no POS for lemma vähemmäksi
Found no POS for lemma kevein
Found no POS for lemma kevyin
Found no POS for lemma keveämpi
Found no POS for lemma kevyempi
Found no POS for lemma kevytkenkä
Found no POS for lemma geahppil
Found no POS for lemma geahpuhaš
Found no POS for lemma näkymättömänä
Found no POS for lemma näkymättömäksi
Found no POS for lemma geaidašuvvat
Found no POS for lemma tie
Found no POS for lemma geaiggo-
Found no POS for lemma oiko-
Found no POS for lemma oikosenaan
Found no POS for lemma suorana
Found no POS for lemma keinoton
Found no POS for lemma keinoton
Found no POS for lemma tiettömyys
Found no POS for lemma ura
Found no POS for lemma kiillotella
Found no POS for lemma hankailla
Found no POS for lemma hinkkailla
Found no POS for lemma silailla
Found no POS for lemma kelailla
Found no POS for lemma joutavanpäiväisesti
Found no POS for lemma liitellä
Found no POS for lemma gearddalaš
Found no POS for lemma gearddočoarvvat
Found no POS for lemma liikasarvinen
Found no POS for lemma geardudeaddji
Found no POS for lemma geargadis/gerges
Found no POS for lemma gearggasmuvvat
Found no POS for lemma käräjät
Found no POS for lemma vetämäksi
Found no POS for lemma geasáhuvvat
Found no POS for lemma kesäksi
Found no POS for lemma geasátbáiki
Found no POS for lemma vetoporona
Found no POS for lemma kesäkkä
Found no POS for lemma geastige
Found no POS for lemma vetäen
Found no POS for lemma valjaat
Found no POS for lemma geasseeana
Found no POS for lemma kesäkunnossa
Found no POS for lemma kesäkuntoon
Found no POS for lemma kesälaitumet
Found no POS for lemma kesällä
Found no POS for lemma kesällä
Found no POS for lemma geatke-
Found no POS for lemma geatkulit
Found no POS for lemma geatkut
Found no POS for lemma sopimuksenmukainen
Found no POS for lemma käyttövarat
Found no POS for lemma käyttövarat
Found no POS for lemma rivalla
Found no POS for lemma geavkáhaddat
Found no POS for lemma geavllagit
Found no POS for lemma geavle-
Found no POS for lemma käyläkkä
Found no POS for lemma kaarella
Found no POS for lemma kaartaen
Found no POS for lemma lekutella
Found no POS for lemma geavrragit
Found no POS for lemma geavre-
Found no POS for lemma käyrällä
Found no POS for lemma käyränä
Found no POS for lemma käyränä
Found no POS for lemma geavus
Found no POS for lemma kierossa
Found no POS for lemma geavze-
Found no POS for lemma kierossa
Found no POS for lemma 
Found no POS for lemma köyhäinkukkaro
Found no POS for lemma geahá
Found no POS for lemma gehtegat
Found no POS for lemma ketjut
Found no POS for lemma geidnui
Found no POS for lemma geidnos
Found no POS for lemma näkymättömäksi
Found no POS for lemma näkymättömänä
Found no POS for lemma geidošeapmi
Found no POS for lemma jutamareitti
Found no POS for lemma geldos
Found no POS for lemma genetihkašvuohta
Found no POS for lemma genotiipa
Found no POS for lemma geofysihkka
Found no POS for lemma geopolitihkka
Found no POS for lemma geosentrálalaš
Found no POS for lemma kertailla
Found no POS for lemma punoskella
Found no POS for lemma kertailla
Found no POS for lemma 
Found no POS for lemma getkkoldahttit
Found no POS for lemma häätämäksi
Found no POS for lemma komentamana
Found no POS for lemma gežon
Found no POS for lemma 
Found no POS for lemma kevätpuolella
Found no POS for lemma -giđđasaš
Found no POS for lemma -keväinen
Found no POS for lemma keväällä
Found no POS for lemma hoikkakatkero
Found no POS for lemma aho
Found no POS for lemma käsivoimat
Found no POS for lemma gieđaguhkit
Found no POS for lemma kättäpidempi
Found no POS for lemma sormainen
Found no POS for lemma kenkäheinäsormainen
Found no POS for lemma tilkoa
Found no POS for lemma anturalla
Found no POS for lemma tilka
Found no POS for lemma noessa
Found no POS for lemma giehtahbeal
Found no POS for lemma 
Found no POS for lemma vahvakätinen
Found no POS for lemma vahvakätinen
Found no POS for lemma giehtaruovddit
Found no POS for lemma käsiraudat
Found no POS for lemma vähäansainen
Found no POS for lemma vähäansainen
Found no POS for lemma gielahuddat
Found no POS for lemma mykkää
Found no POS for lemma mykäksi
Found no POS for lemma -gielat
Found no POS for lemma -kielinen
Found no POS for lemma kunnallisministeriö
Found no POS for lemma kunnallisministeri
Found no POS for lemma kunnallishallitus
Found no POS for lemma kunnallishallitus
Found no POS for lemma kildininsaamelainen
Found no POS for lemma kildininsaamelainen
Found no POS for lemma kunnallisvaltuusto
Found no POS for lemma kunnallisvaali
Found no POS for lemma kiellättää
Found no POS for lemma gieles
Found no POS for lemma gielisgárvvut
Found no POS for lemma gielkkástallat
Found no POS for lemma gielkkástalli
Found no POS for lemma sarvikiela
Found no POS for lemma gielladit
Found no POS for lemma ansaan
Found no POS for lemma vireessä
Found no POS for lemma vireessä
Found no POS for lemma vireeseen
Found no POS for lemma vireeseen
Found no POS for lemma kieliopinnot
Found no POS for lemma giellái
Found no POS for lemma giellás
Found no POS for lemma gierdannávccat
Found no POS for lemma kärttyisesti
Found no POS for lemma -kestävä
Found no POS for lemma gierrásaččat
Found no POS for lemma giervvardit
Found no POS for lemma kapalossa
Found no POS for lemma kapaloon
Found no POS for lemma komsioon
Found no POS for lemma komsio
Found no POS for lemma komsioon
Found no POS for lemma gieváskahttit
Found no POS for lemma taloustarvikkeet
Found no POS for lemma vahva-asteinen
Found no POS for lemma 
Found no POS for lemma hurmoksessa
Found no POS for lemma gihládus
Found no POS for lemma gihlájaččat
Found no POS for lemma kihlajaiset
Found no POS for lemma kihlat
Found no POS for lemma gihpostit
Found no POS for lemma gihppui
Found no POS for lemma gihppos
Found no POS for lemma kipuja
Found no POS for lemma giidat
Found no POS for lemma giilošattut
Found no POS for lemma vihviläkasvit
Found no POS for lemma kiisa
Found no POS for lemma /em>rikkikiisu
Found no POS for lemma /em>rikkikiisu
Found no POS for lemma giittehahtti
Found no POS for lemma kiitos!
Found no POS for lemma giivviskuddat
Found no POS for lemma hyönteisen
Found no POS for lemma piinaantua
Found no POS for lemma giksái
Found no POS for lemma giksás
Found no POS for lemma giksái
Found no POS for lemma giksás
Found no POS for lemma giksii
Found no POS for lemma gikses
Found no POS for lemma giktái
Found no POS for lemma giktás
Found no POS for lemma räikeäksi
Found no POS for lemma kyljikkäin
Found no POS for lemma haaleanvärinen
Found no POS for lemma haaleanvärinen
Found no POS for lemma kyljin
Found no POS for lemma gilgon
Found no POS for lemma gilljá
Found no POS for lemma lisku
Found no POS for lemma lisku
Found no POS for lemma kestämään
Found no POS for lemma paistahuttaa
Found no POS for lemma /em>väsymätön
Found no POS for lemma /em>väsymätön
Found no POS for lemma gilpulit
Found no POS for lemma riuskistua
Found no POS for lemma rivakoitua
Found no POS for lemma gilše-
Found no POS for lemma 
Found no POS for lemma lok.
Found no POS for lemma gilvineana
Found no POS for lemma kilpailutyö
Found no POS for lemma kilpailutilanteessa
Found no POS for lemma härkiä
Found no POS for lemma gimbalat
Found no POS for lemma gimssadit
Found no POS for lemma pötkötellä
Found no POS for lemma teniä
Found no POS for lemma sätkähtää
Found no POS for lemma giŋgirat
Found no POS for lemma 
Found no POS for lemma kinkerit
Found no POS for lemma paunetti
Found no POS for lemma kirjaisa
Found no POS for lemma kirjaisa
Found no POS for lemma monenkirjavuus
Found no POS for lemma monivivahteisuus
Found no POS for lemma kirjopää
Found no POS for lemma girjjo
Found no POS for lemma girkát
Found no POS for lemma girkoeana
Found no POS for lemma girkomeanut
Found no POS for lemma kirkonmenot
Found no POS for lemma /em>kirkossakävijä
Found no POS for lemma girkoválggat
Found no POS for lemma 
Found no POS for lemma seurakuntavaalit
Found no POS for lemma girkoviššal
Found no POS for lemma girkusmanni
Found no POS for lemma girtát
Found no POS for lemma kahistaa
Found no POS for lemma heinitys
Found no POS for lemma yllytellä
Found no POS for lemma änkyrimato
Found no POS for lemma sätkähtää
Found no POS for lemma gittaheargi
Found no POS for lemma vennehärkä
Found no POS for lemma givdnjuluvvat
Found no POS for lemma givnnjagit
Found no POS for lemma givnnjahas
Found no POS for lemma givnnjahit
Found no POS for lemma ruumiinvoimat
Found no POS for lemma givre-
Found no POS for lemma kiipeämään
Found no POS for lemma naristaa
Found no POS for lemma kitistää
Found no POS for lemma glaukoma
Found no POS for lemma gloria
Found no POS for lemma glutena
Found no POS for lemma glutenakeahtes
Found no POS for lemma -go
Found no POS for lemma -ko
Found no POS for lemma -kö
Found no POS for lemma kuprulla
Found no POS for lemma kumpaalle
Found no POS for lemma kumpaallekin
Found no POS for lemma kumpaallekaan
Found no POS for lemma kumpaallekin
Found no POS for lemma kumpaalla
Found no POS for lemma kumpaallakin
Found no POS for lemma kumpaallakaan
Found no POS for lemma kumpaallakin
Found no POS for lemma kumpaaltakaan
Found no POS for lemma kumpaaltakin
Found no POS for lemma kojamotintti
Found no POS for lemma kojamo
Found no POS for lemma kyyhöttäjä
Found no POS for lemma kodastella
Found no POS for lemma goađástit
Found no POS for lemma kodastella
Found no POS for lemma goađásteaddji
Found no POS for lemma kodaton
Found no POS for lemma kodaton
Found no POS for lemma goađeluholmmoš
Found no POS for lemma goagŋát
Found no POS for lemma isokokoisena
Found no POS for lemma goahccái
Found no POS for lemma goahccás
Found no POS for lemma goahcu
Found no POS for lemma kuomulla
Found no POS for lemma lunta
Found no POS for lemma loude
Found no POS for lemma kylästelijä
Found no POS for lemma kodansuu
Found no POS for lemma -goahtit
Found no POS for lemma goahtoeanan
Found no POS for lemma koteutua
Found no POS for lemma goaiba
Found no POS for lemma kiertotietä
Found no POS for lemma kaaressa
Found no POS for lemma kaartaen
Found no POS for lemma goaiggistit
Found no POS for lemma goaikkohuvvat
Found no POS for lemma goaisttas
Found no POS for lemma kosatus
Found no POS for lemma ammennella
Found no POS for lemma goalkái
Found no POS for lemma goalkás
Found no POS for lemma nulppovaadin
Found no POS for lemma kehlo
Found no POS for lemma kolla
Found no POS for lemma kolloksenvetäjä
Found no POS for lemma kolmanneksi
Found no POS for lemma goalmmát
Found no POS for lemma goalmmátlohjahkásaš
Found no POS for lemma goalmmátlohkái
Found no POS for lemma kolmattakymmentä
Found no POS for lemma goalšudit
Found no POS for lemma roikaleena
Found no POS for lemma roikalehtia
Found no POS for lemma rentustaa
Found no POS for lemma roikalehtia
Found no POS for lemma rentustaa
Found no POS for lemma roikalehtia
Found no POS for lemma rentustaa
Found no POS for lemma roikalemainen
Found no POS for lemma hujoppimainen
Found no POS for lemma goalve-
Found no POS for lemma roikalemainen
Found no POS for lemma hujoppimainen
Found no POS for lemma goalvvihit
Found no POS for lemma kielekkeellä
Found no POS for lemma 
Found no POS for lemma goabbaluššat
Found no POS for lemma 
Found no POS for lemma goamppas
Found no POS for lemma -
Found no POS for lemma kyömy-
Found no POS for lemma goampe
Found no POS for lemma -
Found no POS for lemma kyömy-
Found no POS for lemma goamput
Found no POS for lemma goamši
Found no POS for lemma goamššagit
Found no POS for lemma goamššas
Found no POS for lemma goamše-
Found no POS for lemma goanstadahkkon
Found no POS for lemma goanttardit
Found no POS for lemma goanzulit
Found no POS for lemma goanzut
Found no POS for lemma goanzzahit
Found no POS for lemma köntysmäinen
Found no POS for lemma goanze-
Found no POS for lemma köntysmäinen
Found no POS for lemma etukumarainen
Found no POS for lemma goaŋke-
Found no POS for lemma etukumarainen
Found no POS for lemma goapmaluvvat
Found no POS for lemma goappášge
Found no POS for lemma kumpaalta
Found no POS for lemma kumpaaltakaan
Found no POS for lemma kumpaalle
Found no POS for lemma kumpaalle
Found no POS for lemma kumpaallekaan
Found no POS for lemma kumpaallekin
Found no POS for lemma kumpaallekaan
Found no POS for lemma kumpaallekin
Found no POS for lemma nirsommaksi
Found no POS for lemma goarát
Found no POS for lemma goardagas
Found no POS for lemma porotella
Found no POS for lemma goarddáhat
Found no POS for lemma nylkyrimäinen
Found no POS for lemma nylkyrimäinen
Found no POS for lemma goargadis/gorges
Found no POS for lemma pöyhkeämmäksi
Found no POS for lemma komeammaksi
Found no POS for lemma sauvoja
Found no POS for lemma goargŋgunšaddu
Found no POS for lemma koiraeläimistä
Found no POS for lemma goarkŋastit
Found no POS for lemma kiivetyttää
Found no POS for lemma kiivetyttää
Found no POS for lemma goarradis/gorres
Found no POS for lemma goarrus
Found no POS for lemma goarrunskierat
Found no POS for lemma ompelusakset
Found no POS for lemma goarrunskárrit
Found no POS for lemma ompelusakset
Found no POS for lemma kortteerata
Found no POS for lemma vaaksoa
Found no POS for lemma ompelemaan
Found no POS for lemma goarvasit
Found no POS for lemma kielekkeellä
Found no POS for lemma kulloin
Found no POS for lemma tätiseni
Found no POS for lemma kosatus
Found no POS for lemma kuivatali
Found no POS for lemma goaste-
Found no POS for lemma goadne-
Found no POS for lemma kovemmaksi
Found no POS for lemma komollaan
Found no POS for lemma komo
Found no POS for lemma goavke-
Found no POS for lemma goavre-
Found no POS for lemma kalpeaksi
Found no POS for lemma koverrella
Found no POS for lemma kaiverrella
Found no POS for lemma gohpe-
Found no POS for lemma kuopalla
Found no POS for lemma kuopalle
Found no POS for lemma goddevaš
Found no POS for lemma tappamismielessä
Found no POS for lemma goddjet
Found no POS for lemma seestyttää
Found no POS for lemma godjadis/goddjes
Found no POS for lemma godogeiddo
Found no POS for lemma kudettaa
Found no POS for lemma gođáhat
Found no POS for lemma kudottaa
Found no POS for lemma kutsunnat
Found no POS for lemma gohčustus
Found no POS for lemma gohmát
Found no POS for lemma gomát
Found no POS for lemma gohmelus
Found no POS for lemma koverokantainen
Found no POS for lemma syvänteinen
Found no POS for lemma syvänteinen
Found no POS for lemma goikadus
Found no POS for lemma goikesaišaddu
Found no POS for lemma kuivahorros
Found no POS for lemma goikkár
Found no POS for lemma mehuton
Found no POS for lemma goike-
Found no POS for lemma mehuton
Found no POS for lemma mehuttomuus
Found no POS for lemma goirrastuvvat
Found no POS for lemma ammennella
Found no POS for lemma oja
Found no POS for lemma peityksissä
Found no POS for lemma peityksiin
Found no POS for lemma golbma
Found no POS for lemma kolme
Found no POS for lemma golbmačuođi
Found no POS for lemma kolmesataa
Found no POS for lemma golbmačuođis
Found no POS for lemma kolmensadan
Found no POS for lemma golbmalogi
Found no POS for lemma kolmekymmentä
Found no POS for lemma golbmalogis
Found no POS for lemma kolmenkymmenen
Found no POS for lemma golbmanuppelogát
Found no POS for lemma kolmastoista
Found no POS for lemma golbmanuppelogis
Found no POS for lemma golbmanuppelohkái
Found no POS for lemma kolmetoista
Found no POS for lemma golbmaoktasašvuohta
Found no POS for lemma tonkimaan
Found no POS for lemma kullenuotta
Found no POS for lemma golddáhat
Found no POS for lemma kullenuottaus
Found no POS for lemma golezastit
Found no POS for lemma kulkutusverkko
Found no POS for lemma kulkuttaa
Found no POS for lemma golganit
Found no POS for lemma kulvakko
Found no POS for lemma golggotnjázut
Found no POS for lemma golle-
Found no POS for lemma kullanhuutoja
Found no POS for lemma kultauttaa
Found no POS for lemma gollehus
Found no POS for lemma kolmisärmäinen
Found no POS for lemma golmmahas
Found no POS for lemma kolmikärkinen
Found no POS for lemma golmmas
Found no POS for lemma golmmasárgásaš
Found no POS for lemma golpat
Found no POS for lemma golpi
Found no POS for lemma golppan
Found no POS for lemma golpe-
Found no POS for lemma gomma
Found no POS for lemma suullaan
Found no POS for lemma nenällään
Found no POS for lemma suullaan
Found no POS for lemma nenällään
Found no POS for lemma kaarlenvaltikka
Found no POS for lemma loitsija
Found no POS for lemma goŋggas
Found no POS for lemma goŋgguhit
Found no POS for lemma kumistaa
Found no POS for lemma goŋgánit
Found no POS for lemma goŋgehit
Found no POS for lemma kyyhötellä
Found no POS for lemma vatsalleen
Found no POS for lemma suullaan
Found no POS for lemma vatsallaan
Found no POS for lemma pelivälineenä
Found no POS for lemma apusauvoja
Found no POS for lemma nostahuhtaa
Found no POS for lemma sauvoskella
Found no POS for lemma neuloskella
Found no POS for lemma gorohat
Found no POS for lemma gorosmit
Found no POS for lemma nirsoksi
Found no POS for lemma kursu
Found no POS for lemma jyvämäinen
Found no POS for lemma gordne-
Found no POS for lemma jyvämäinen
Found no POS for lemma gorvet
Found no POS for lemma täteineen
Found no POS for lemma goskkežat
Found no POS for lemma gosttiidit
Found no POS for lemma kunteus
Found no POS for lemma kuntura
Found no POS for lemma govda/govdes
Found no POS for lemma tupuli
Found no POS for lemma levein
Found no POS for lemma leveämpi
Found no POS for lemma kelluskella
Found no POS for lemma tupuli
Found no POS for lemma ponttooni
Found no POS for lemma syväkulkuinen
Found no POS for lemma syväkulkuinen
Found no POS for lemma 
Found no POS for lemma leveydeltään
Found no POS for lemma govdil
Found no POS for lemma ajankohtaisena
Found no POS for lemma ajankohtaiseksi
Found no POS for lemma kakoja
Found no POS for lemma oksentelija
Found no POS for lemma oksentamaan
Found no POS for lemma govssohallat
Found no POS for lemma govvadit
Found no POS for lemma kuvakas
Found no POS for lemma kuvakas
Found no POS for lemma kuvakas
Found no POS for lemma kuvakas
Found no POS for lemma gozastit
Found no POS for lemma gozihandieđut
Found no POS for lemma valvontatiedot
Found no POS for lemma oja
Found no POS for lemma grubbá
Found no POS for lemma gubastit
Found no POS for lemma virtsailla
Found no POS for lemma kusemaan
Found no POS for lemma virstata
Found no POS for lemma kusikas
Found no POS for lemma kuusisärmäinen
Found no POS for lemma guđádassii
Found no POS for lemma kuudenneksi
Found no POS for lemma guđádastit
Found no POS for lemma guđádis
Found no POS for lemma guđát
Found no POS for lemma guđátlohjahkásaš
Found no POS for lemma guđátlohkái
Found no POS for lemma kuudettakymmentä
Found no POS for lemma syömäpaikka
Found no POS for lemma huikonen
Found no POS for lemma guhkegasolmmoš
Found no POS for lemma huikonen
Found no POS for lemma guhkesáigge-
Found no POS for lemma pitkäkorvainen
Found no POS for lemma ehytkorvainen
Found no POS for lemma pitkälehtivita
Found no POS for lemma pidemmästi
Found no POS for lemma pisimpään
Found no POS for lemma pisimmin
Found no POS for lemma pisimpään
Found no POS for lemma pidempi
Found no POS for lemma kaukaisempi
Found no POS for lemma 
Found no POS for lemma pituudeltaan
Found no POS for lemma guhnuštit
Found no POS for lemma guhpádit
Found no POS for lemma kumpus
Found no POS for lemma guhtta
Found no POS for lemma guhttalogi
Found no POS for lemma kuusikymmentä
Found no POS for lemma guhttanuppelogát
Found no POS for lemma kuudestoista
Found no POS for lemma guhttanuppelohkái
Found no POS for lemma kuusitoista
Found no POS for lemma guimmežat
Found no POS for lemma toverukset
Found no POS for lemma aviopuolisot
Found no POS for lemma guirasaddat
Found no POS for lemma guirasit
Found no POS for lemma guitádallat
Found no POS for lemma kuittailla
Found no POS for lemma gujis
Found no POS for lemma kuuloetäisyydelle
Found no POS for lemma kuuloetäisyydellä
Found no POS for lemma silmäkulmanluu
Found no POS for lemma jystää
Found no POS for lemma murtumaan
Found no POS for lemma kuuloetäisyydellä
Found no POS for lemma 
Found no POS for lemma 
Found no POS for lemma gulludávttit
Found no POS for lemma kuuloluut
Found no POS for lemma kuloontua
Found no POS for lemma 
Found no POS for lemma 
Found no POS for lemma gulpalit
Found no POS for lemma varoen
Found no POS for lemma kuuloetäisyydellä
Found no POS for lemma gumis
Found no POS for lemma kummempi
Found no POS for lemma ihmeellisempi
Found no POS for lemma kummempi
Found no POS for lemma ihmeellisempi
Found no POS for lemma runsassusinen
Found no POS for lemma runsassusinen
Found no POS for lemma gumpii
Found no POS for lemma runsassusinen
Found no POS for lemma gumpes
Found no POS for lemma runsassusinen
Found no POS for lemma gumpperuovddit
Found no POS for lemma sudenraudat
Found no POS for lemma kumpustaa
Found no POS for lemma kampsuja
Found no POS for lemma kumpus
Found no POS for lemma gundu
Found no POS for lemma guneštuvvat
Found no POS for lemma kopara
Found no POS for lemma penisluu
Found no POS for lemma vasoja
Found no POS for lemma guoddinmuorat
Found no POS for lemma paarit
Found no POS for lemma guoddinnávccat
Found no POS for lemma guoddjái
Found no POS for lemma guoddjás
Found no POS for lemma guddjii
Found no POS for lemma guddjes
Found no POS for lemma guodjut
Found no POS for lemma guođđalit
Found no POS for lemma guođilmas
Found no POS for lemma laidunnus
Found no POS for lemma kyyrötellä
Found no POS for lemma guoggánit
Found no POS for lemma guohccut
Found no POS for lemma 
Found no POS for lemma mullistaja
Found no POS for lemma penkoja
Found no POS for lemma guohtoneana
Found no POS for lemma kimpassa
Found no POS for lemma guikii
Found no POS for lemma guikes
Found no POS for lemma guoikán
Found no POS for lemma kaveriksi
Found no POS for lemma toveriksi
Found no POS for lemma guoirrildit
Found no POS for lemma kuivakkana
Found no POS for lemma guogge-
Found no POS for lemma maitimesto
Found no POS for lemma guoksái
Found no POS for lemma runsasmaitinen
Found no POS for lemma maidikas
Found no POS for lemma guoksás
Found no POS for lemma runsasmaitinen
Found no POS for lemma maidikas
Found no POS for lemma guksii
Found no POS for lemma runsasmaitinen
Found no POS for lemma maidikas
Found no POS for lemma gukses
Found no POS for lemma runsasmaitinen
Found no POS for lemma maidikas
Found no POS for lemma guokte
Found no POS for lemma kaksi
Found no POS for lemma /em>kaksittain
Found no POS for lemma guoktelogi
Found no POS for lemma kaksikymmentä
Found no POS for lemma guoktenuppelogát
Found no POS for lemma kahdestoista
Found no POS for lemma guoktenuppelohkái
Found no POS for lemma kaksitoista
Found no POS for lemma guoláhuvvat
Found no POS for lemma kuolpuna
Found no POS for lemma kuolpuna
Found no POS for lemma guolddudit
Found no POS for lemma vähäkalainen
Found no POS for lemma vähäkalainen
Found no POS for lemma karvapuolisuus
Found no POS for lemma kulukarvaisena
Found no POS for lemma karvamerkillä
Found no POS for lemma gulgii
Found no POS for lemma vähäkarvainen
Found no POS for lemma vähäkarvainen
Found no POS for lemma guolggaiduhttit
Found no POS for lemma guolggaiduvvat
Found no POS for lemma kalajälli
Found no POS for lemma ruokasulaan
Found no POS for lemma kyyrötellä
Found no POS for lemma surkimuksena
Found no POS for lemma hedelmättömänä
Found no POS for lemma surkimuksena
Found no POS for lemma guorbulit
Found no POS for lemma surkimuksena
Found no POS for lemma guordašuvvat
Found no POS for lemma guordálas
Found no POS for lemma guordit
Found no POS for lemma tyhjänä
Found no POS for lemma guorpmástit
Found no POS for lemma kaadettaessa
Found no POS for lemma köhäistä
Found no POS for lemma tyhjänä
Found no POS for lemma tyhjänä
Found no POS for lemma 
Found no POS for lemma guossás
Found no POS for lemma guossástahkes
Found no POS for lemma pidot
Found no POS for lemma kestitsijä
Found no POS for lemma guostat
Found no POS for lemma lumihyppiäinen
Found no POS for lemma guottáhat
Found no POS for lemma vasottaja
Found no POS for lemma guotteheapme
Found no POS for lemma guottehis
Found no POS for lemma vasotus
Found no POS for lemma lehmästä
Found no POS for lemma guottestuddat
Found no POS for lemma guotteteana
Found no POS for lemma guovdanormála
Found no POS for lemma guovdavuoigŋašat
Found no POS for lemma guovddáškriminálaboles
Found no POS for lemma -guovdil
Found no POS for lemma guovdnjái
Found no POS for lemma guovdnjás
Found no POS for lemma guovgulit
Found no POS for lemma guovgut
Found no POS for lemma kurkkaus
Found no POS for lemma guovlladit
Found no POS for lemma guovdnje-
Found no POS for lemma guovssahasat
Found no POS for lemma revontulet
Found no POS for lemma 
Found no POS for lemma kaksoiskuperana
Found no POS for lemma kaksoiskoverana
Found no POS for lemma guovttebealis
Found no POS for lemma guovttegearnjelješ
Found no POS for lemma kaksihuoneinen
Found no POS for lemma guovttenevvot
Found no POS for lemma guovtteráđat
Found no POS for lemma guovttestávval-
Found no POS for lemma kaksihaarainen
Found no POS for lemma guovttetávttat
Found no POS for lemma guovttis
Found no POS for lemma guovttudit
Found no POS for lemma gupmut
Found no POS for lemma punottaa
Found no POS for lemma gubbe-
Found no POS for lemma tupuli
Found no POS for lemma köpöttää
Found no POS for lemma gurbboldahttit
Found no POS for lemma kurmu
Found no POS for lemma permu
Found no POS for lemma gurbmái
Found no POS for lemma kurmuinen
Found no POS for lemma permuinen
Found no POS for lemma gurbmás
Found no POS for lemma kurmuinen
Found no POS for lemma permuinen
Found no POS for lemma kurmupaarma
Found no POS for lemma permuja
Found no POS for lemma kurmuinen
Found no POS for lemma permuiseksi
Found no POS for lemma gurce-
Found no POS for lemma jystää
Found no POS for lemma jystää
Found no POS for lemma guren
Found no POS for lemma säe
Found no POS for lemma gurgi
Found no POS for lemma gurgulit
Found no POS for lemma niputtua
Found no POS for lemma kurmuinen
Found no POS for lemma gurpe-
Found no POS for lemma gurppoldahttit
Found no POS for lemma ura
Found no POS for lemma huulihalkein
Found no POS for lemma kuruinen
Found no POS for lemma kuruinen
Found no POS for lemma kuruinen
Found no POS for lemma kuruinen
Found no POS for lemma kaulalihkakset
Found no POS for lemma kaulalihat
Found no POS for lemma gurttádat
Found no POS for lemma penkoja
Found no POS for lemma gusavuoigáhkku
Found no POS for lemma guskkistit
Found no POS for lemma vieraana
Found no POS for lemma vierailussa
Found no POS for lemma gutkosaš
Found no POS for lemma gunat
Found no POS for lemma <em>tuhka
Found no POS for lemma tuhkat</em>
Found no POS for lemma gutnadit
Found no POS for lemma gutnástallat
Found no POS for lemma guvdnjet
Found no POS for lemma guvge
Found no POS for lemma guvggoldahttit
Found no POS for lemma -guvllot
Found no POS for lemma -suuntainen
Found no POS for lemma guvdnje-
Found no POS for lemma guvnnjuštit
Found no POS for lemma kumarana
Found no POS for lemma kumaraksi
Found no POS for lemma guvrrahit
Found no POS for lemma guvrraldahttit
Found no POS for lemma guvre-
Found no POS for lemma kumaraisena
Found no POS for lemma kumaraisena
Found no POS for lemma haddái
Found no POS for lemma haddás
Found no POS for lemma tarkkanenäinen
Found no POS for lemma hamaidit
Found no POS for lemma -han
Found no POS for lemma -hän
Found no POS for lemma tarttuilla
Found no POS for lemma haŋkkáhat
Found no POS for lemma persous
Found no POS for lemma persoilla
Found no POS for lemma hirttopuu
Found no POS for lemma harmonihkká
Found no POS for lemma harra
Found no POS for lemma hábmennávccat
Found no POS for lemma "haju"
Found no POS for lemma hádjasit
Found no POS for lemma hággánit
Found no POS for lemma haaroitella
Found no POS for lemma háhceseatni
Found no POS for lemma aie
Found no POS for lemma háhtahas
Found no POS for lemma hattupää
Found no POS for lemma háhttaraš
Found no POS for lemma háhttár
Found no POS for lemma háhttár
Found no POS for lemma háigár
Found no POS for lemma háiset
Found no POS for lemma háisi
Found no POS for lemma haisa
Found no POS for lemma -hájat
Found no POS for lemma -hajuinen
Found no POS for lemma háju-
Found no POS for lemma haja-
Found no POS for lemma hálaidahttit
Found no POS for lemma halpua
Found no POS for lemma hálddusdoallan
Found no POS for lemma hálljo-
Found no POS for lemma háillas
Found no POS for lemma háilo-
Found no POS for lemma hálljudit
Found no POS for lemma háillistit
Found no POS for lemma hállan-
Found no POS for lemma háilasaddat
Found no POS for lemma háilu
Found no POS for lemma hálljui
Found no POS for lemma hálljos
Found no POS for lemma háilui
Found no POS for lemma háilos
Found no POS for lemma hálse-
Found no POS for lemma pahus!
Found no POS for lemma tyylittömäksi
Found no POS for lemma kitsaana
Found no POS for lemma itarana
Found no POS for lemma kauppoja
Found no POS for lemma ostoksia
Found no POS for lemma hánor
Found no POS for lemma háŋggastit
Found no POS for lemma nipussa
Found no POS for lemma háŋkkastallat
Found no POS for lemma -hápmásaš
Found no POS for lemma -muotoinen
Found no POS for lemma -hahmoinen
Found no POS for lemma -näköinen
Found no POS for lemma hajasäärinen
Found no POS for lemma hárččohallat
Found no POS for lemma pitkäsääri
Found no POS for lemma loikkimaan
Found no POS for lemma hárddat
Found no POS for lemma /em>hartiaverka
Found no POS for lemma välinpitämättömäksi
Found no POS for lemma piittaamattomaksi
Found no POS for lemma hárjánus
Found no POS for lemma harjaannuttaja
Found no POS for lemma niskakarvat
Found no POS for lemma lyhytharjainen
Found no POS for lemma lyhytharjainen
Found no POS for lemma harjalla
Found no POS for lemma harjallinen
Found no POS for lemma vihaiseksi
Found no POS for lemma hárránit
Found no POS for lemma haarava
Found no POS for lemma haarava
Found no POS for lemma 
Found no POS for lemma 
Found no POS for lemma hártnáska
Found no POS for lemma äes
Found no POS for lemma harvimmin
Found no POS for lemma haas
Found no POS for lemma jäänteet
Found no POS for lemma háskár
Found no POS for lemma háskkár
Found no POS for lemma rehto
Found no POS for lemma rehto
Found no POS for lemma háškaluvvat
Found no POS for lemma resuuntua
Found no POS for lemma hášket
Found no POS for lemma háškkagit
Found no POS for lemma resuuntua
Found no POS for lemma háškkas
Found no POS for lemma kitsaaksi
Found no POS for lemma itaraksi
Found no POS for lemma -háváš
Found no POS for lemma -kertainen
Found no POS for lemma hautajaiset
Found no POS for lemma hávdeeana(n
Found no POS for lemma hávrras
Found no POS for lemma härskiltä
Found no POS for lemma viihtyisänä
Found no POS for lemma headja-
Found no POS for lemma headjuluhttit
Found no POS for lemma headjuluvvat
Found no POS for lemma heaggadieđut
Found no POS for lemma henkilötiedot
Found no POS for lemma heggii
Found no POS for lemma hegges
Found no POS for lemma heahkasis/heahkka
Found no POS for lemma heakkelastit
Found no POS for lemma yllättäen
Found no POS for lemma yllättäen
Found no POS for lemma 
Found no POS for lemma häätyä
Found no POS for lemma onnettomuusaltis
Found no POS for lemma onnettomuusaltis
Found no POS for lemma heaikkavahkku
Found no POS for lemma heikinviikko
Found no POS for lemma heaillehit
Found no POS for lemma heajat
Found no POS for lemma häät
Found no POS for lemma juhlat
Found no POS for lemma huonoteräinen
Found no POS for lemma heajutvuohta
Found no POS for lemma -heakkat
Found no POS for lemma -henkinen
Found no POS for lemma healaidit
Found no POS for lemma healbbahas
Found no POS for lemma healbmái
Found no POS for lemma helmava
Found no POS for lemma laajahelmainen
Found no POS for lemma pitkähelmainen
Found no POS for lemma healbmás
Found no POS for lemma helmava
Found no POS for lemma laajahelmainen
Found no POS for lemma pitkähelmainen
Found no POS for lemma healga
Found no POS for lemma heallái
Found no POS for lemma heallás
Found no POS for lemma healles
Found no POS for lemma kapeahelmainen
Found no POS for lemma kapeahelmainen
Found no POS for lemma healsalit
Found no POS for lemma healsát
Found no POS for lemma healsi
Found no POS for lemma heamsi
Found no POS for lemma heamse-
Found no POS for lemma riippumassa
Found no POS for lemma riippumassa
Found no POS for lemma riippumaan
Found no POS for lemma riippumaan
Found no POS for lemma heaŋgár
Found no POS for lemma riippujuuri
Found no POS for lemma roikkumaan
Found no POS for lemma huikentelija
Found no POS for lemma keikistelijä
Found no POS for lemma heardduheapme
Found no POS for lemma heardduhis
Found no POS for lemma poroajokilpailut
Found no POS for lemma heargudit
Found no POS for lemma hearkudit
Found no POS for lemma herranpäivät
Found no POS for lemma hyvätoltavat
Found no POS for lemma koreana
Found no POS for lemma hearvulit
Found no POS for lemma koreana
Found no POS for lemma hearvut
Found no POS for lemma koreana
Found no POS for lemma koristuttaa
Found no POS for lemma hearvvuhit
Found no POS for lemma hevosella-ajaja
Found no POS for lemma hevosia
Found no POS for lemma heđeštit
Found no POS for lemma heggeš
Found no POS for lemma hegges
Found no POS for lemma hehpoš
Found no POS for lemma hei!
Found no POS for lemma heijet
Found no POS for lemma heitohuvvat
Found no POS for lemma huonoksi
Found no POS for lemma huonoksi
Found no POS for lemma hekkel
Found no POS for lemma helget
Found no POS for lemma hellodagat
Found no POS for lemma hemelaš
Found no POS for lemma henselat
Found no POS for lemma 
Found no POS for lemma olkaimet
Found no POS for lemma ripustamo
Found no POS for lemma roikkumaan
Found no POS for lemma mella
Found no POS for lemma hepatihtta
Found no POS for lemma herbmet
Found no POS for lemma herbmostuvvat
Found no POS for lemma herggeš
Found no POS for lemma hearskku
Found no POS for lemma herskui
Found no POS for lemma herskos
Found no POS for lemma hervvoldahttit
Found no POS for lemma lystäillä
Found no POS for lemma hiekkapilvi
Found no POS for lemma hevrrostit
Found no POS for lemma hevvui
Found no POS for lemma hevvos
Found no POS for lemma hiđáš
Found no POS for lemma hiđášit
Found no POS for lemma hiehtu
Found no POS for lemma hieraannuttaa
Found no POS for lemma hihpelat
Found no POS for lemma hihpeštuddat
Found no POS for lemma hiiset
Found no POS for lemma h.
Found no POS for lemma hilbbut
Found no POS for lemma 
Found no POS for lemma hilbošit
Found no POS for lemma vallattomaksi
Found no POS for lemma hilcui
Found no POS for lemma hilcos
Found no POS for lemma hilculit
Found no POS for lemma hiljastua
Found no POS for lemma himádit
Found no POS for lemma himpasaddat
Found no POS for lemma himssistit
Found no POS for lemma lumpustaa
Found no POS for lemma luntustaa
Found no POS for lemma lumpustaa
Found no POS for lemma luntustaa
Found no POS for lemma 
Found no POS for lemma nyyhkyttäjä
Found no POS for lemma vauhkous
Found no POS for lemma hirččohárččohallat
Found no POS for lemma hirpmástuddat
Found no POS for lemma hirre-
Found no POS for lemma arkiinnuttaa
Found no POS for lemma hisset
Found no POS for lemma hivlat
Found no POS for lemma ohutlankainen
Found no POS for lemma hivles
Found no POS for lemma ohutlankainen
Found no POS for lemma ohutlankainen
Found no POS for lemma ohutlankainen
Found no POS for lemma hivlodat
Found no POS for lemma ohutlankaisuus
Found no POS for lemma hyysikkä
Found no POS for lemma hyyskä
Found no POS for lemma meinailla
Found no POS for lemma hoeskella
Found no POS for lemma hokija
Found no POS for lemma hoeskella
Found no POS for lemma hoahpánit
Found no POS for lemma hoahpos
Found no POS for lemma hoahppo-
Found no POS for lemma pika-
Found no POS for lemma kiireemmin
Found no POS for lemma hopummin
Found no POS for lemma hoputella
Found no POS for lemma hoahpumus
Found no POS for lemma kiireisin
Found no POS for lemma hopusti
Found no POS for lemma kiireisempi
Found no POS for lemma hoaidu
Found no POS for lemma hoaigat
Found no POS for lemma hoaikkas
Found no POS for lemma hoaippardit
Found no POS for lemma hoavastit
Found no POS for lemma hoavddastit
Found no POS for lemma hoavkat
Found no POS for lemma houkaksi
Found no POS for lemma houkaksi
Found no POS for lemma hoavká
Found no POS for lemma hoavkkahit
Found no POS for lemma houkkana
Found no POS for lemma hoavka
Found no POS for lemma hoavrái
Found no POS for lemma hoavrás
Found no POS for lemma houru
Found no POS for lemma hoavvi
Found no POS for lemma hoaves
Found no POS for lemma hoputella
Found no POS for lemma hoigašuvvat
Found no POS for lemma työntämäksi
Found no POS for lemma hoitu
Found no POS for lemma hoksia
Found no POS for lemma hoksia
Found no POS for lemma hulpiolla
Found no POS for lemma holbái
Found no POS for lemma leveähulpioinen
Found no POS for lemma holbás
Found no POS for lemma leveähulpioinen
Found no POS for lemma hulpa
Found no POS for lemma holddet
Found no POS for lemma ulku
Found no POS for lemma luolikkoinen
Found no POS for lemma hollos
Found no POS for lemma luolikkoinen
Found no POS for lemma homagit
Found no POS for lemma homaiduvvat
Found no POS for lemma tenonajuruoho
Found no POS for lemma horešonta
Found no POS for lemma hosmeašttir
Found no POS for lemma "hosmestari"
Found no POS for lemma isännöinti
Found no POS for lemma hiprakkaan
Found no POS for lemma hiprakkaan
Found no POS for lemma hiprakassa
Found no POS for lemma hiprakassa
Found no POS for lemma usutella
Found no POS for lemma usutella
Found no POS for lemma huhččái
Found no POS for lemma huhččás
Found no POS for lemma huhkká
Found no POS for lemma huhtihit
Found no POS for lemma kyyrötellä
Found no POS for lemma huikkus
Found no POS for lemma huksár
Found no POS for lemma huksedaddat
Found no POS for lemma huksen-
Found no POS for lemma huligána
Found no POS for lemma hummalit
Found no POS for lemma humpe-
Found no POS for lemma vähäpuheiseksi
Found no POS for lemma hupman-
Found no POS for lemma hurggas
Found no POS for lemma hurggoldahttit
Found no POS for lemma kiitämään
Found no POS for lemma porhaltamaan
Found no POS for lemma hurskailla
Found no POS for lemma hurvái
Found no POS for lemma takkukarvainen
Found no POS for lemma hurvás
Found no POS for lemma takkukarvainen
Found no POS for lemma takkukarvainen
Found no POS for lemma takkukarvainen
Found no POS for lemma takkuunnuttaa
Found no POS for lemma takkukarvainen
Found no POS for lemma hurve-
Found no POS for lemma takkukarvainen
Found no POS for lemma alakuloisena
Found no POS for lemma hušká
Found no POS for lemma huškkon
Found no POS for lemma hakkaamaan
Found no POS for lemma hoksia
Found no POS for lemma huvda
Found no POS for lemma kurittomaksi
Found no POS for lemma huvki
Found no POS for lemma tympeältä
Found no POS for lemma tympeältä
Found no POS for lemma hyena
Found no POS for lemma hymna
Found no POS for lemma idiohtta
Found no POS for lemma yö
Found no POS for lemma idjagálut
Found no POS for lemma yökylmät
Found no POS for lemma idjagerbmosat
Found no POS for lemma idnešattut
Found no POS for lemma liekokasvit
Found no POS for lemma ilmestymään
Found no POS for lemma aamuksi
Found no POS for lemma aamuksi
Found no POS for lemma aamupuoleen
Found no POS for lemma aamu-uutiset
Found no POS for lemma varhaisuutiset
Found no POS for lemma omaelämänkerta
Found no POS for lemma iešdahkkon
Found no POS for lemma iešdiđolaš
Found no POS for lemma iešdoaibmi
Found no POS for lemma iešduddjojuvvon
Found no POS for lemma itsekukin
Found no POS for lemma iešiežainan
Found no POS for lemma iešiežainat
Found no POS for lemma iešiežainis
Found no POS for lemma iešluddat
Found no POS for lemma iešmearrideaddji
Found no POS for lemma iešnjáman
Found no POS for lemma iešnjámat
Found no POS for lemma iešsihkkar
Found no POS for lemma ieštallat
Found no POS for lemma iešvuođaláhki
Found no POS for lemma ievttá-
Found no POS for lemma iežasgáhtten
Found no POS for lemma iežágielat
Found no POS for lemma selfie
Found no POS for lemma yöllä
Found no POS for lemma ihtalas
Found no POS for lemma ihtaluddamat
Found no POS for lemma ihtamat
Found no POS for lemma ihtidit
Found no POS for lemma ihttá-
Found no POS for lemma ihttodahkes
Found no POS for lemma itu
Found no POS for lemma iisa
Found no POS for lemma yömyöhällä
Found no POS for lemma julmuuksia
Found no POS for lemma /em>empiä
Found no POS for lemma huonovointisena
Found no POS for lemma huonovointisena
Found no POS for lemma ilo
Found no POS for lemma illui
Found no POS for lemma imahallat
Found no POS for lemma imaš
Found no POS for lemma ihmeen
Found no POS for lemma tavattoman
Found no POS for lemma imá
Found no POS for lemma sedän
Found no POS for lemma <em>ipmi</em>:ksi
Found no POS for lemma tädiksi
Found no POS for lemma imážan!
Found no POS for lemma täteineen
Found no POS for lemma imitašuvdna
Found no POS for lemma implikaatio
Found no POS for lemma importevra
Found no POS for lemma individualiteahtta
Found no POS for lemma individualitehta
Found no POS for lemma industriijaluvvat
Found no POS for lemma inkoatiivi
Found no POS for lemma inkoatiivijohdin
Found no POS for lemma inkonsekveansa
Found no POS for lemma instinkta
Found no POS for lemma intermezzo
Found no POS for lemma interrogatiiviprononomini
Found no POS for lemma intertekstuálalaš
Found no POS for lemma intranstiiva
Found no POS for lemma inttadit
Found no POS for lemma ihmeellisempi
Found no POS for lemma kummempi
Found no POS for lemma ihmeellisempi
Found no POS for lemma kummempi
Found no POS for lemma ihmeellisin
Found no POS for lemma sedän
Found no POS for lemma ipmiltis
Found no POS for lemma jumalattoman
Found no POS for lemma irgái
Found no POS for lemma irgás
Found no POS for lemma sulhasineen
Found no POS for lemma irggešguovttos
Found no POS for lemma irisšattut
Found no POS for lemma kurjenmiekkakasvit
Found no POS for lemma irlanti
Found no POS for lemma iva
Found no POS for lemma irradeakti
Found no POS for lemma irradeavttes
Found no POS for lemma irradeaktil
Found no POS for lemma nimeksi
Found no POS for lemma isä
Found no POS for lemma kauhean
Found no POS for lemma inua
Found no POS for lemma inua
Found no POS for lemma -ivdnásaš
Found no POS for lemma -värinen
Found no POS for lemma -ivnnat
Found no POS for lemma -värinen
Found no POS for lemma kalpeaksi
Found no POS for lemma -jagáš
Found no POS for lemma -vuotinen
Found no POS for lemma jystää
Found no POS for lemma vuosikausia
Found no POS for lemma vuotuismuutto
Found no POS for lemma vuotuismuutto
Found no POS for lemma jystää
Found no POS for lemma jagge-
Found no POS for lemma jakŋi
Found no POS for lemma taivaasta
Found no POS for lemma 
Found no POS for lemma jalges/jalga
Found no POS for lemma 
Found no POS for lemma jytkäyttää
Found no POS for lemma 
Found no POS for lemma mielettömän
Found no POS for lemma tavattoman
Found no POS for lemma 
Found no POS for lemma mielettömän
Found no POS for lemma tavattoman
Found no POS for lemma jallastahttit
Found no POS for lemma älyttömänä
Found no POS for lemma älyttömäksi
Found no POS for lemma älyttömämmäksi
Found no POS for lemma janzadit
Found no POS for lemma pönäkäksi
Found no POS for lemma janzat
Found no POS for lemma pönäkäksi
Found no POS for lemma pönäkkänä
Found no POS for lemma pönäkkänä
Found no POS for lemma pönäkkänä
Found no POS for lemma janzzagit
Found no POS for lemma pönäkäksi
Found no POS for lemma janze-
Found no POS for lemma jabbe-
Found no POS for lemma jarffagit
Found no POS for lemma jarfe-
Found no POS for lemma pulluka
Found no POS for lemma kyhmyllään
Found no POS for lemma muhkuralla
Found no POS for lemma jargŋe-
Found no POS for lemma jarrái
Found no POS for lemma jarrás
Found no POS for lemma muhkuroita
Found no POS for lemma kyhmyyntyä
Found no POS for lemma vähäpuheisuus
Found no POS for lemma jaskát
Found no POS for lemma säveä
Found no POS for lemma jassii
Found no POS for lemma jasses
Found no POS for lemma javzái
Found no POS for lemma javzás
Found no POS for lemma /jää/
Found no POS for lemma jauhossa
Found no POS for lemma jaakko
Found no POS for lemma jaakko
Found no POS for lemma jaakonviikko
Found no POS for lemma jáhkkeš
Found no POS for lemma jáhkkes
Found no POS for lemma jáhkku
Found no POS for lemma jákta
Found no POS for lemma jákta
Found no POS for lemma jáktet
Found no POS for lemma kesäilmasta
Found no POS for lemma kesäilmasta
Found no POS for lemma vilpoisin
Found no POS for lemma vilpoisempi
Found no POS for lemma vilpoisessa
Found no POS for lemma vilpoiseen
Found no POS for lemma 
Found no POS for lemma rohkeimmillaan
Found no POS for lemma kuolleenoloinen
Found no POS for lemma kuolleenoloinen
Found no POS for lemma kaatumatautinen
Found no POS for lemma kalmanmullat
Found no POS for lemma kalmanmullat
Found no POS for lemma kuolemassa
Found no POS for lemma jámma/jámmisis
Found no POS for lemma vuorokausikaupalla
Found no POS for lemma jápmašoavkat
Found no POS for lemma jápmašovkes
Found no POS for lemma 
Found no POS for lemma jávkavaš
Found no POS for lemma jávkavašvuohta
Found no POS for lemma vähäpuheisuus
Found no POS for lemma /em>vaitiolovelvollisuus
Found no POS for lemma peitoksiin
Found no POS for lemma peitoksissa
Found no POS for lemma jágár
Found no POS for lemma jeageladdjái
Found no POS for lemma jeageladdjás
Found no POS for lemma jäkälätön
Found no POS for lemma vähäjäkäläinen
Found no POS for lemma jäkäläpantio
Found no POS for lemma jeagelborddáhat
Found no POS for lemma jäkäläpantio
Found no POS for lemma jäkälätön
Found no POS for lemma vähäjäkäläinen
Found no POS for lemma jäkälätön
Found no POS for lemma vähäjäkäläinen
Found no POS for lemma jeaggeeana
Found no POS for lemma jäkälätön
Found no POS for lemma jäkälättä
Found no POS for lemma jeahkkil
Found no POS for lemma jearalmas
Found no POS for lemma suorassa
Found no POS for lemma tasaiseksi
no corresponding mg for [{'x': '(= ja eará dakkár)', 'xt': 'yms.'}, {'x': '(= ynnä muuta sellaista)', 'xt': ''}]
Found no POS for lemma 
Found no POS for lemma jemmet
Found no POS for lemma paksujäinen
Found no POS for lemma paksujäinen
Found no POS for lemma paksujäinen
Found no POS for lemma paksujäinen
Found no POS for lemma jiehkkái
Found no POS for lemma jiehkkás
Found no POS for lemma näskäin
Found no POS for lemma /em>jääkiekkoilija
Found no POS for lemma jiektašattut
Found no POS for lemma vihviläkasvit
Found no POS for lemma aarto
Found no POS for lemma jälli
Found no POS for lemma punotus
Found no POS for lemma jienastan-
Found no POS for lemma jiekŋa-
Found no POS for lemma herukkakasvit
Found no POS for lemma herukkakasvit
Found no POS for lemma herukkakasvit
Found no POS for lemma jieritšattut
Found no POS for lemma herukkakasvit
Found no POS for lemma jiessa-
Found no POS for lemma jiessa-
Found no POS for lemma runsasvalkkoinen
Found no POS for lemma runsasvalkkoinen
Found no POS for lemma jivjii
Found no POS for lemma runsasvalkkoinen
Found no POS for lemma jivjes
Found no POS for lemma runsasvalkkoinen
Found no POS for lemma valkoton
Found no POS for lemma vähävalkkoinen
Found no POS for lemma valkoton
Found no POS for lemma vähävalkkoinen
Found no POS for lemma valkoturkkinen
Found no POS for lemma valkoturkkinen
Found no POS for lemma jievžžadahkes
Found no POS for lemma jikkat
Found no POS for lemma kärryt
Found no POS for lemma rattaat
Found no POS for lemma jivkkodit
no corresponding mg for [{'x': '(= ja nu ain)', 'xt': 'jne. (= ja niin edelleen)'}]
Found no POS for lemma joahlardit
Found no POS for lemma joaibmái
Found no POS for lemma joaibmás
Found no POS for lemma poimulla
Found no POS for lemma kurtussa
Found no POS for lemma rypyssä
Found no POS for lemma joalehas
Found no POS for lemma joatkašupmi
Found no POS for lemma 
Found no POS for lemma jatko-opinnot
Found no POS for lemma jatkumaton
Found no POS for lemma jatkumaton
Found no POS for lemma 
Found no POS for lemma joutiloida
Found no POS for lemma /em>joutomaa
Found no POS for lemma kinoksekas
Found no POS for lemma kinoksekas
Found no POS for lemma kinoksekas
Found no POS for lemma joavtta
Found no POS for lemma siula
Found no POS for lemma jobbet
Found no POS for lemma korolla
Found no POS for lemma joccastit
Found no POS for lemma kantakappaleella
Found no POS for lemma joccistit
Found no POS for lemma jođáskit
Found no POS for lemma kulkien
Found no POS for lemma judattaja
Found no POS for lemma mahtumaan
Found no POS for lemma luistamattomuus
Found no POS for lemma luistamattomuus
Found no POS for lemma puolukkainen
Found no POS for lemma puolukkainen
Found no POS for lemma puolukkainen
Found no POS for lemma puolukkainen
Found no POS for lemma luiskahdella
Found no POS for lemma lonksahdella
Found no POS for lemma kaupattavuus
Found no POS for lemma jutamisseutu
Found no POS for lemma jutamakeino
Found no POS for lemma jutamatie
Found no POS for lemma johtolat-
Found no POS for lemma jutamaanlähtö
Found no POS for lemma jutamaan
Found no POS for lemma luisumaan
Found no POS for lemma jutava
Found no POS for lemma jutaja
Found no POS for lemma 
Found no POS for lemma rannio
Found no POS for lemma pyöreäksi
Found no POS for lemma jollái
Found no POS for lemma jollás
Found no POS for lemma jolle-
Found no POS for lemma nulppopää
Found no POS for lemma nupovaadin
Found no POS for lemma lihavahkoksi
Found no POS for lemma pyörittäjä
Found no POS for lemma pyöreälehtikihokki
Found no POS for lemma jorbalas
Found no POS for lemma pyöreänään
Found no POS for lemma ympyrää
Found no POS for lemma jorbbeš
Found no POS for lemma jorbbut
Found no POS for lemma jorbbeš
Found no POS for lemma jorbi
Found no POS for lemma jorbmái
Found no POS for lemma syvänteinen
Found no POS for lemma jorbmás
Found no POS for lemma syvänteinen
Found no POS for lemma jorttamur
Found no POS for lemma jovramur
Found no POS for lemma lapsenpäästäjänä
Found no POS for lemma jortamoret
Found no POS for lemma lapsenpäästäjänä
Found no POS for lemma lapsenpäästäjänä
Found no POS for lemma lapsenpäästäjänä
Found no POS for lemma jorget
Found no POS for lemma käännähyttää
Found no POS for lemma kääntymäpaikka
Found no POS for lemma jorggáldatjagit
Found no POS for lemma vaihdevuodet
Found no POS for lemma löystymään
Found no POS for lemma vääntymään
Found no POS for lemma jorggo-
Found no POS for lemma jorggu-
Found no POS for lemma jorggu-lásse
Found no POS for lemma jorrat
Found no POS for lemma jos
Found no POS for lemma joshallat
Found no POS for lemma nietoksen
Found no POS for lemma kinoksen
Found no POS for lemma nietoksen
Found no POS for lemma juđgalit
Found no POS for lemma juotattaa
Found no POS for lemma juotella
Found no POS for lemma juotella
Found no POS for lemma imu
Found no POS for lemma jugalmasat
Found no POS for lemma juomingit
Found no POS for lemma ryyppäillä
Found no POS for lemma juggái
Found no POS for lemma juggás
Found no POS for lemma juomaton
Found no POS for lemma juomaton
Found no POS for lemma juottilas
Found no POS for lemma juolas
Found no POS for lemma jukkolauta
Found no POS for lemma jukkohihna
Found no POS for lemma jukkoreikä
Found no POS for lemma jukko
Found no POS for lemma jukkolauta
Found no POS for lemma 
Found no POS for lemma tylynä
Found no POS for lemma julkisemmin
Found no POS for lemma jolggaštus
Found no POS for lemma jullat
Found no POS for lemma jullái
Found no POS for lemma jullás
Found no POS for lemma julmmas
Found no POS for lemma jumáhallat
Found no POS for lemma jumešguovttos
Found no POS for lemma kaksoset
Found no POS for lemma kaksoset
Found no POS for lemma juogadus
Found no POS for lemma juogašit
Found no POS for lemma juogástat
Found no POS for lemma juogot
Found no POS for lemma jakautumaton
Found no POS for lemma jakautumatta
Found no POS for lemma jakautumaton
Found no POS for lemma joikailla
Found no POS for lemma joikauttaa
Found no POS for lemma joiuttaa
Found no POS for lemma joikailla
Found no POS for lemma ravistumaan
Found no POS for lemma jalkaannuttaa
Found no POS for lemma juolgái
Found no POS for lemma hyväjalkainen
Found no POS for lemma juolgás
Found no POS for lemma hyväjalkainen
Found no POS for lemma juolgehbeal
Found no POS for lemma juolgelámis
Found no POS for lemma jalkakopelolla
Found no POS for lemma jalkakopelolla
Found no POS for lemma jalkakopelolla
Found no POS for lemma juolgottur
Found no POS for lemma jalkakuntura
Found no POS for lemma rahaa
Found no POS for lemma juomus
Found no POS for lemma juomustusverkko
Found no POS for lemma juomusvarpa
Found no POS for lemma juomuskoukku
Found no POS for lemma juomustella
Found no POS for lemma vaappuen
Found no POS for lemma juorbbehis
Found no POS for lemma juonittelut
Found no POS for lemma juovlabasit
Found no POS for lemma joulunpyhät
Found no POS for lemma joulunpyhät
Found no POS for lemma rakkainen
Found no POS for lemma rakkainen
Found no POS for lemma rakkainen
Found no POS for lemma rakkainen
Found no POS for lemma juovze-
Found no POS for lemma jurruuttaa
Found no POS for lemma jurddašahkes
Found no POS for lemma kaluamaan
Found no POS for lemma kaluamaan
Found no POS for lemma jystää
Found no POS for lemma ynseillä
Found no POS for lemma juvdui
Found no POS for lemma juvdos
Found no POS for lemma tavoittamaksi
Found no POS for lemma saavuttamaksi
Found no POS for lemma juvzzon
Found no POS for lemma kadeahtta
Found no POS for lemma kamina
Found no POS for lemma kapseahkka
Found no POS for lemma karaktiseret
Found no POS for lemma karáffa
Found no POS for lemma karboráhtor
Found no POS for lemma karikatuvra
Found no POS for lemma ura
Found no POS for lemma kateahtta
Found no POS for lemma katekeahtta
Found no POS for lemma katoda
Found no POS for lemma kahvissa
Found no POS for lemma kánsler
Found no POS for lemma káos
Found no POS for lemma kápsel
Found no POS for lemma köyhäinkukkaro
Found no POS for lemma keliakihkkár
Found no POS for lemma keliakiija
Found no POS for lemma kemista
Found no POS for lemma kilo-
Found no POS for lemma kliippetáŋggat
Found no POS for lemma liippetáŋggat
Found no POS for lemma kloáhka
Found no POS for lemma klonet
Found no POS for lemma klovkken
Found no POS for lemma koahkkái
Found no POS for lemma koahkkás
Found no POS for lemma koeffisienta
Found no POS for lemma kompohtta
Found no POS for lemma kondolánsa
Found no POS for lemma konkreahtta
Found no POS for lemma konsentráhtta
Found no POS for lemma rakenteva
Found no POS for lemma konsuláhtta
Found no POS for lemma kontánta
Found no POS for lemma konteaidnár
Found no POS for lemma kontorolli
Found no POS for lemma konventionála
Found no POS for lemma korprála
Found no POS for lemma korreláhtta
Found no POS for lemma korrespondánsa
Found no POS for lemma korseahtta
Found no POS for lemma koteleahtta
Found no POS for lemma krambuvda
Found no POS for lemma kraváhtta
Found no POS for lemma 
Found no POS for lemma 
Found no POS for lemma gruvvá
Found no POS for lemma kruvttat
Found no POS for lemma kuhppel
Found no POS for lemma kupola
Found no POS for lemma kultur-
Found no POS for lemma kursor
Found no POS for lemma kusmá
Found no POS for lemma kvántafysihkka
Found no POS for lemma kvántateoriija
Found no POS for lemma várta
Found no POS for lemma lyijyinen
Found no POS for lemma lyijyinen
Found no POS for lemma murenematon
Found no POS for lemma ladjadis/laddjes
Found no POS for lemma murenematon
Found no POS for lemma ladnjái
Found no POS for lemma ladnjás
Found no POS for lemma ladnjehallat
Found no POS for lemma puikahdella
Found no POS for lemma täi
Found no POS for lemma lähimmillään
Found no POS for lemma lähi-
Found no POS for lemma läheisempi
Found no POS for lemma lagodit
Found no POS for lemma naksunta
Found no POS for lemma napsahtelu
Found no POS for lemma osa
Found no POS for lemma lahkkebuvssat
Found no POS for lemma lahkosat
Found no POS for lemma lähistölle
Found no POS for lemma lähistölle
Found no POS for lemma lähistöllä
Found no POS for lemma lähistöllä
Found no POS for lemma lahppasuddat
Found no POS for lemma lahppasuhttit
Found no POS for lemma lahppasuvvat
Found no POS for lemma lahppet
Found no POS for lemma luppoinen
Found no POS for lemma luppoinen
Found no POS for lemma lahttui
Found no POS for lemma lahttos
Found no POS for lemma laiggohat
Found no POS for lemma laksot
Found no POS for lemma laksut
Found no POS for lemma lapme-
Found no POS for lemma kastelemaksi
Found no POS for lemma luhistuksiin
Found no POS for lemma luhistuksissa
Found no POS for lemma lehdenriipomatuuli
Found no POS for lemma lehdenriipomatuuli
Found no POS for lemma lastarissit
Found no POS for lemma lehdekset
Found no POS for lemma lehtikerput
Found no POS for lemma kerppo
Found no POS for lemma lehtikerppo
Found no POS for lemma laterála
Found no POS for lemma latinaksi
Found no POS for lemma láhtengillii
Found no POS for lemma latinaksi
Found no POS for lemma 
Found no POS for lemma niloutua
Found no POS for lemma liuskoa
Found no POS for lemma niloa
Found no POS for lemma kypsymään
Found no POS for lemma latingissa
Found no POS for lemma valkamassa
Found no POS for lemma latinkiin
Found no POS for lemma valkamaan
Found no POS for lemma latinkiin
Found no POS for lemma latingissa
Found no POS for lemma lánnán
Found no POS for lemma rantauttaa
Found no POS for lemma láddiluddat
Found no POS for lemma ládjoeana
Found no POS for lemma lájostallat
Found no POS for lemma láđđa/láđas
Found no POS for lemma musikki
Found no POS for lemma mutsikki
Found no POS for lemma láđđeruoksat
Found no POS for lemma láđđerukses
Found no POS for lemma verkakaistaleilla
Found no POS for lemma lauhahko
Found no POS for lemma -lágan
Found no POS for lemma -lainen
Found no POS for lemma -mainen
Found no POS for lemma láhčamaččat
Found no POS for lemma láhčamašguovttos
Found no POS for lemma lahjaksi
Found no POS for lemma /em>saada
Found no POS for lemma lahjaksi
Found no POS for lemma láhkamearrádusat
Found no POS for lemma láhká
Found no POS for lemma hiipumaan
Found no POS for lemma hiivuttaa
Found no POS for lemma láhkkuluvvat
Found no POS for lemma hukkailla
Found no POS for lemma láhpas
Found no POS for lemma láhppasat
Found no POS for lemma hukkaporot
Found no POS for lemma sukkaa
Found no POS for lemma lapasta
Found no POS for lemma ele
Found no POS for lemma láhttái
Found no POS for lemma láhttás
Found no POS for lemma ladoskella
Found no POS for lemma leivoskella
Found no POS for lemma leivottaa
Found no POS for lemma láibmadas
Found no POS for lemma láibmadis
Found no POS for lemma verkosta
Found no POS for lemma laitis
Found no POS for lemma taluttamaksi
Found no POS for lemma laitistushärkä
Found no POS for lemma laitistaja
Found no POS for lemma laitistamalla
Found no POS for lemma láidu
Found no POS for lemma kinttuluu
Found no POS for lemma láikudit
Found no POS for lemma lainas
Found no POS for lemma láireeana
Found no POS for lemma láirái
Found no POS for lemma láirás
Found no POS for lemma lákcii
Found no POS for lemma lákces
Found no POS for lemma halkein
Found no POS for lemma vyöttämättömänä
Found no POS for lemma löysänä
Found no POS for lemma repsottaen
Found no POS for lemma raajarikoksi
Found no POS for lemma raajarikoksi
Found no POS for lemma lámborat
Found no POS for lemma kamppeet
Found no POS for lemma lánastallat
Found no POS for lemma lánsttar
Found no POS for lemma lánsttarduvvat
Found no POS for lemma láŋgat
Found no POS for lemma láŋget
Found no POS for lemma láŋkadahkes
Found no POS for lemma aikailemaan
Found no POS for lemma láŋko
Found no POS for lemma pláŋko
Found no POS for lemma láppaskat
Found no POS for lemma täyttöastiaa
Found no POS for lemma lárda
Found no POS for lemma láskáš
Found no POS for lemma láskko-
Found no POS for lemma vaakasuoraan
Found no POS for lemma ikkunasta
Found no POS for lemma ikkunasta
Found no POS for lemma ikkunasta
Found no POS for lemma lášmadis/lášmes
Found no POS for lemma pinossa
Found no POS for lemma pinoon
Found no POS for lemma sälöytyä
Found no POS for lemma sälöksi
Found no POS for lemma látta-
Found no POS for lemma láttáiduvvat
Found no POS for lemma láttástallat
Found no POS for lemma "lannanriuku"
Found no POS for lemma láttihit
Found no POS for lemma vähäkermainen
Found no POS for lemma kermaton
Found no POS for lemma vähäkermainen
Found no POS for lemma kermaton
Found no POS for lemma halkiolla
Found no POS for lemma halkiollinen
Found no POS for lemma lávččo-
Found no POS for lemma vyöttämätön
Found no POS for lemma serkukset
Found no POS for lemma ystävykset
Found no POS for lemma /em>he
Found no POS for lemma tiuhaan
Found no POS for lemma kylvetellä
Found no POS for lemma tiuhaan
Found no POS for lemma lávkái
Found no POS for lemma lávlái
Found no POS for lemma lávlás
Found no POS for lemma lávliluvvat
Found no POS for lemma nukkaamaton
Found no POS for lemma vähänukkainen
Found no POS for lemma nukkaamaton
Found no POS for lemma vähänukkainen
Found no POS for lemma laulelija
Found no POS for lemma laulanta
Found no POS for lemma laavostella
Found no POS for lemma lauri
Found no POS for lemma laurinviikko
Found no POS for lemma hihnaan
Found no POS for lemma hihnaporoksi
Found no POS for lemma hihnaan
Found no POS for lemma hihnaan
Found no POS for lemma hihnaporoksi
Found no POS for lemma hihnaan
Found no POS for lemma hihnakkain
Found no POS for lemma hihnaapelkäävä
Found no POS for lemma lávžeruohtadahkes
Found no POS for lemma hihnavauhko
Found no POS for lemma porosta
Found no POS for lemma lávžespižá
Found no POS for lemma leabát
Found no POS for lemma leabbasaddat
Found no POS for lemma levittely
Found no POS for lemma leaggut
Found no POS for lemma notkollaan
Found no POS for lemma olo
Found no POS for lemma leahkkái
Found no POS for lemma leahkkás
Found no POS for lemma leahkkevaš
Found no POS for lemma rosoilla
Found no POS for lemma rosoilla
Found no POS for lemma leaikásit
Found no POS for lemma leikillä
Found no POS for lemma leaikkus
Found no POS for lemma kehlo
Found no POS for lemma rosoisena
Found no POS for lemma leakkagit
Found no POS for lemma leakkastit
Found no POS for lemma leagge-
Found no POS for lemma lenkona
Found no POS for lemma notkollaan
Found no POS for lemma leambat
Found no POS for lemma leambadis
Found no POS for lemma leamse-
Found no POS for lemma lököttäen
Found no POS for lemma jänttäränä
Found no POS for lemma juntturana
Found no POS for lemma jänttärä
Found no POS for lemma junttura
Found no POS for lemma jässikkämäinen
Found no POS for lemma jänttärämäinen
Found no POS for lemma juntturamainen
Found no POS for lemma leanze-
Found no POS for lemma jässikkämäinen
Found no POS for lemma jänttärämäinen
Found no POS for lemma juntturamainen
Found no POS for lemma leaŋgadit
Found no POS for lemma leaŋgajuolggat
Found no POS for lemma leaŋgu
Found no POS for lemma leappo-
Found no POS for lemma leaškkas
Found no POS for lemma leatnjat
Found no POS for lemma leatnjut
Found no POS for lemma leavihit
Found no POS for lemma leavkit
Found no POS for lemma leavvanit
Found no POS for lemma lepänkuorella
Found no POS for lemma lektoráhtta
Found no POS for lemma lerehit
Found no POS for lemma lestadiolaš
Found no POS for lemma letnjolas
Found no POS for lemma libás
Found no POS for lemma lipukka
Found no POS for lemma spinneri
Found no POS for lemma libba
Found no POS for lemma silkoiseksi
Found no POS for lemma sileäksi
Found no POS for lemma tasaiseksi
Found no POS for lemma hienojakoiseksi
Found no POS for lemma pehmeäksi
Found no POS for lemma siloiteltu
Found no POS for lemma liđbmes/liđbma
Found no POS for lemma siloiteltu
Found no POS for lemma liđbmet
Found no POS for lemma siloitella
Found no POS for lemma pehmeäksi
Found no POS for lemma tasaiseksi
Found no POS for lemma velttokatseinen
Found no POS for lemma liđve-
Found no POS for lemma velttokatseinen
Found no POS for lemma lieđbmái
Found no POS for lemma suurilapainen
Found no POS for lemma lieđbmás
Found no POS for lemma suurilapainen
Found no POS for lemma lieđđái
Found no POS for lemma lieđđás
Found no POS for lemma liehkis
Found no POS for lemma liehkkat
Found no POS for lemma liehmus
Found no POS for lemma lämpimänä
Found no POS for lemma liekkádat
Found no POS for lemma lienjas
Found no POS for lemma liesá
Found no POS for lemma lievladit
Found no POS for lemma potkut
Found no POS for lemma lihkadannávccat
Found no POS for lemma lihkadanvierut
Found no POS for lemma liikuntatavat
Found no POS for lemma lihkahusat
Found no POS for lemma liikutukset
Found no POS for lemma lihttulaš
Found no POS for lemma liider
Found no POS for lemma liinapää
Found no POS for lemma liige-
Found no POS for lemma yli-
Found no POS for lemma liigegovdat
Found no POS for lemma liigegovda
Found no POS for lemma liigelossat
Found no POS for lemma ylipainava
Found no POS for lemma liigelossa
Found no POS for lemma ylipainava
Found no POS for lemma liikagárvvut
Found no POS for lemma ruumisvaatteet
Found no POS for lemma käärinliinat
Found no POS for lemma iho
Found no POS for lemma liippetáŋggat
Found no POS for lemma hohtimet
Found no POS for lemma kliippetáŋggat
Found no POS for lemma hohtimet
Found no POS for lemma kopitella
Found no POS for lemma koppia
Found no POS for lemma liivva
Found no POS for lemma sydämellisemmäksi
Found no POS for lemma lillá
Found no POS for lemma paakuiksi
Found no POS for lemma resuiseksi
Found no POS for lemma limške-
Found no POS for lemma lince-/linco-
Found no POS for lemma lincu
Found no POS for lemma liŋgu
Found no POS for lemma sairaammaksi
Found no POS for lemma lisaidit
Found no POS for lemma livikko
Found no POS for lemma livda
Found no POS for lemma livdat
Found no POS for lemma livddadit
Found no POS for lemma livgat
Found no POS for lemma livjjistit
Found no POS for lemma livkár
Found no POS for lemma livššáhallat
Found no POS for lemma livššihit
Found no POS for lemma heiluttaen
Found no POS for lemma livttes
Found no POS for lemma livvi
Found no POS for lemma livakoksi
Found no POS for lemma hieppatauti
Found no POS for lemma livzzagit
Found no POS for lemma livze-
Found no POS for lemma livzziidit
Found no POS for lemma vapisemaan
Found no POS for lemma livžžádastit
Found no POS for lemma hyöriskellä
Found no POS for lemma lizaidit
Found no POS for lemma loukkoinen
Found no POS for lemma loukkoinen
Found no POS for lemma loukkoinen
Found no POS for lemma loukkoinen
Found no POS for lemma loaččamoardda
Found no POS for lemma loaččo-
Found no POS for lemma loađjá
Found no POS for lemma lyhytjalkaisena
Found no POS for lemma lönkötellä
Found no POS for lemma lyhytjalkaisena
Found no POS for lemma lyhytjalkaisena
Found no POS for lemma loahcagit
Found no POS for lemma siivoksi
Found no POS for lemma loahcaldahttit
Found no POS for lemma loahcas
Found no POS for lemma loahcculit
Found no POS for lemma lokakaivot
Found no POS for lemma loppupuolelle
Found no POS for lemma lopettajaiset
Found no POS for lemma päättäjäiset
Found no POS for lemma päätökseen
Found no POS for lemma loahppážat
Found no POS for lemma loahtes
Found no POS for lemma loidommainen
Found no POS for lemma loidompi
Found no POS for lemma loidommaksi
Found no POS for lemma loidompana
Found no POS for lemma lökäpöksyinen
Found no POS for lemma loagge-
Found no POS for lemma lökäpöksyinen
Found no POS for lemma loamppas
Found no POS for lemma lökä-
Found no POS for lemma loampe-
Found no POS for lemma lökä-
Found no POS for lemma loamppuhit
Found no POS for lemma lönköttää
Found no POS for lemma loamše-
Found no POS for lemma loamššuhit
Found no POS for lemma lönköttää
Found no POS for lemma lainaksi
Found no POS for lemma velttona
Found no POS for lemma kuoleennuttaa
Found no POS for lemma veltontaa
Found no POS for lemma loanjis
Found no POS for lemma loarfe-
Found no POS for lemma polskahdella
Found no POS for lemma naksahtelu
Found no POS for lemma napsahtelu
Found no POS for lemma loavččo-
Found no POS for lemma vyöttämätön
Found no POS for lemma loude
Found no POS for lemma loude
Found no POS for lemma loudekota
Found no POS for lemma sävyisänä
Found no POS for lemma maltillisena
Found no POS for lemma rauhallisena
Found no POS for lemma sävyisemmäksi
Found no POS for lemma maltillisemmaksi
Found no POS for lemma rauhallisemmaksi
Found no POS for lemma loavkadas
Found no POS for lemma loukkaamattomuus
Found no POS for lemma loavkkas
Found no POS for lemma loavke-
Found no POS for lemma loavsko-
Found no POS for lemma loavskulit
Found no POS for lemma tuppisuuna
Found no POS for lemma löyhässä
Found no POS for lemma löysällä
Found no POS for lemma loažžadis/ložžes
Found no POS for lemma löyhällä
Found no POS for lemma löyhälle
Found no POS for lemma löysällä
Found no POS for lemma löysälle
Found no POS for lemma luvatta
Found no POS for lemma runsaslintuinen
Found no POS for lemma runsaslintuinen
Found no POS for lemma kymmenenneksi
Found no POS for lemma logát
Found no POS for lemma loggasit
Found no POS for lemma logi
Found no POS for lemma kymmenen
Found no POS for lemma logis
Found no POS for lemma kymmenen
Found no POS for lemma -lohka
Found no POS for lemma 
Found no POS for lemma lukkaro
Found no POS for lemma lukkaro
Found no POS for lemma lohppehus
Found no POS for lemma juoksetuttaa
Found no POS for lemma lohttes/lohttesis
Found no POS for lemma lohtádit
Found no POS for lemma loidommaksi
Found no POS for lemma loidompana
Found no POS for lemma laimeasti
Found no POS for lemma 
Found no POS for lemma sävyisänä
Found no POS for lemma irrotuttaa
Found no POS for lemma loksu
Found no POS for lemma ilmassa
Found no POS for lemma ilmassa
Found no POS for lemma kohotella
Found no POS for lemma lollodávddat
Found no POS for lemma lunastella
Found no POS for lemma longdriŋka
Found no POS for lemma lonistanruđat
Found no POS for lemma lunnaat
Found no POS for lemma lunnasrahat
Found no POS for lemma laskoksissaan
Found no POS for lemma lunastella
Found no POS for lemma lora
Found no POS for lemma joutumaton
Found no POS for lemma raskaammaksi
Found no POS for lemma raskain
Found no POS for lemma raskaampi
Found no POS for lemma lossa/losses
Found no POS for lemma raskaammaksi
Found no POS for lemma raskaammaksi
Found no POS for lemma 
Found no POS for lemma loše
Found no POS for lemma lošša
Found no POS for lemma loškkisit
Found no POS for lemma lotnašuddan
Found no POS for lemma laskostumaan
Found no POS for lemma istumaan
Found no POS for lemma vuorottainen
Found no POS for lemma kierrättäen
Found no POS for lemma vuorollaan
Found no POS for lemma lotnunruđat
Found no POS for lemma lunnaat
Found no POS for lemma lunnasrahat
Found no POS for lemma rantatyven
Found no POS for lemma kattopuu
Found no POS for lemma lovket
Found no POS for lemma lovkken
Found no POS for lemma karkulaisena
Found no POS for lemma karkulaisena
Found no POS for lemma lovsa
Found no POS for lemma lovssár
Found no POS for lemma kohopuu
Found no POS for lemma löystää
Found no POS for lemma löystää
Found no POS for lemma hillastella
Found no POS for lemma hillailla
Found no POS for lemma hillastella
Found no POS for lemma hillailla
Found no POS for lemma puolittaja
Found no POS for lemma halkein
Found no POS for lemma luđđjas
Found no POS for lemma luđje-
Found no POS for lemma luđehus
Found no POS for lemma luđját
Found no POS for lemma luđji
Found no POS for lemma ravassa
Found no POS for lemma kurassa
Found no POS for lemma ruikauttamaksi
Found no POS for lemma tahraamaksi
Found no POS for lemma ruikauttaa
Found no POS for lemma lukka
Found no POS for lemma kukkeli
Found no POS for lemma etelään
Found no POS for lemma lulágeahči
Found no POS for lemma etelään
Found no POS for lemma etelässä
Found no POS for lemma etelästä
Found no POS for lemma eteläisempi
Found no POS for lemma lullata
Found no POS for lemma lulibužžii
Found no POS for lemma lulibuččas
Found no POS for lemma lullebbui
Found no POS for lemma etelässä
Found no POS for lemma etelämaat
Found no POS for lemma puijaamaksi
Found no POS for lemma huijaamaksi
Found no POS for lemma petkuttamaksi
Found no POS for lemma lummehallat
Found no POS for lemma puijaamaksi
Found no POS for lemma huijaamaksi
Found no POS for lemma petkuttamaksi
Found no POS for lemma lunahuvvat
Found no POS for lemma kyvykkääksi
Found no POS for lemma lunat
Found no POS for lemma -lunddot
Found no POS for lemma lunnat
Found no POS for lemma luŋke-
Found no POS for lemma tie
Found no POS for lemma ura
Found no POS for lemma halkein
Found no POS for lemma suurijälkinen
Found no POS for lemma suurijälkinen
Found no POS for lemma suurijälkinen
Found no POS for lemma suurijälkinen
Found no POS for lemma pienikaliberinen
Found no POS for lemma pienipiippuinen
Found no POS for lemma pieniluotinen
Found no POS for lemma pienikaliberinen
Found no POS for lemma pienipiippuinen
Found no POS for lemma pieniluotinen
Found no POS for lemma latingissa
Found no POS for lemma latingissa
Found no POS for lemma latinkiin
Found no POS for lemma latinkiin
Found no POS for lemma isokaliberinen
Found no POS for lemma isokaliberinen
Found no POS for lemma luđđii
Found no POS for lemma isokaliberinen
Found no POS for lemma luđđes
Found no POS for lemma isokaliberinen
Found no POS for lemma luoggaleaŋggat
Found no POS for lemma luokkivaljaat
Found no POS for lemma kömmänä
Found no POS for lemma luogirdit
Found no POS for lemma luohcásit
Found no POS for lemma luohkardit
Found no POS for lemma luohkit
Found no POS for lemma -luohkkálaš
Found no POS for lemma kuohkeaksi
Found no POS for lemma kuitit
Found no POS for lemma kuitit
Found no POS for lemma luoicut
Found no POS for lemma lainaksi
Found no POS for lemma luoile-
Found no POS for lemma uikutella
Found no POS for lemma uikuttaja
Found no POS for lemma uikahdus
Found no POS for lemma uikahtaa
Found no POS for lemma päästöt
Found no POS for lemma 
Found no POS for lemma vuottoraipassa
Found no POS for lemma luoittuhit
Found no POS for lemma Luojá
Found no POS for lemma kaloista
Found no POS for lemma luomeaddjái
Found no POS for lemma runsashillainen
Found no POS for lemma luomeaddjás
Found no POS for lemma runsashillainen
Found no POS for lemma hillaton
Found no POS for lemma vähähillainen
Found no POS for lemma hillaton
Found no POS for lemma vähähillainen
Found no POS for lemma lakkasuo
Found no POS for lemma muurainsuo
Found no POS for lemma luonnonvaraisena
Found no POS for lemma luondduheapme
Found no POS for lemma luondduhis
Found no POS for lemma luonjas
Found no POS for lemma lomaltapaluuraha
Found no POS for lemma seitsemisenkiloinen
Found no POS for lemma luoskkistit
Found no POS for lemma lohestus
Found no POS for lemma runsaslohinen
Found no POS for lemma runsaslohinen
Found no POS for lemma lussii
Found no POS for lemma runsaslohinen
Found no POS for lemma lusses
Found no POS for lemma runsaslohinen
Found no POS for lemma luostakka
Found no POS for lemma luostakko
Found no POS for lemma kiehkeytyä
Found no POS for lemma luotkkos/luotkko-
Found no POS for lemma luotkut
Found no POS for lemma pehmeämpi
Found no POS for lemma roskaannuttaa
Found no POS for lemma luottastit
Found no POS for lemma fileroitu
Found no POS for lemma fileroitu
Found no POS for lemma talttaamaan
Found no POS for lemma luovdái
Found no POS for lemma runsaslauduksinen
Found no POS for lemma luovdás
Found no POS for lemma runsaslauduksinen
Found no POS for lemma juroskella
Found no POS for lemma laudus
Found no POS for lemma luovvannávccat
Found no POS for lemma avarasti
Found no POS for lemma lurfe-
Found no POS for lemma lurve-
Found no POS for lemma lurjánit
Found no POS for lemma lurját
Found no POS for lemma lurji
Found no POS for lemma lurjjas
Found no POS for lemma lurje-
Found no POS for lemma lurjjihit
Found no POS for lemma lurjjuhit
Found no POS for lemma rapistuttaa
Found no POS for lemma luusua
Found no POS for lemma luusua
Found no POS for lemma maistumaton
Found no POS for lemma maittamaton
Found no POS for lemma maistumaton
Found no POS for lemma maittamaton
Found no POS for lemma maittamattomuus
Found no POS for lemma lutnánta
Found no POS for lemma halkoja
Found no POS for lemma lauduksilla
Found no POS for lemma luvga
Found no POS for lemma luvdnje-
Found no POS for lemma luvret
Found no POS for lemma luvttaguolli
Found no POS for lemma luvus
Found no POS for lemma luvvadas
Found no POS for lemma terää
Found no POS for lemma vaikutuksen
Found no POS for lemma magistráhtta
Found no POS for lemma magisráhta
Found no POS for lemma magma
Found no POS for lemma rajalla
Found no POS for lemma pisteessä
Found no POS for lemma rajalla
Found no POS for lemma pisteessä
Found no POS for lemma rajalle
Found no POS for lemma pisteeseen
Found no POS for lemma -kin
Found no POS for lemma makrilla
Found no POS for lemma malariija
Found no POS for lemma nimeksi
Found no POS for lemma kuinka?
Found no POS for lemma meneskellä
Found no POS for lemma munaton
Found no POS for lemma munaton
Found no POS for lemma munaton
Found no POS for lemma munaton
Found no POS for lemma munuaiset
Found no POS for lemma munuaiset
Found no POS for lemma manimuččat
Found no POS for lemma munuaiset
Found no POS for lemma monimuččat
Found no POS for lemma munuaiset
Found no POS for lemma manimušgeađggit
Found no POS for lemma munuaiskivet
Found no POS for lemma monimušgeađggit
Found no POS for lemma munuaiskivet
Found no POS for lemma miniäksi
Found no POS for lemma miniäksi
Found no POS for lemma manjážan!
Found no POS for lemma manješguovttos
Found no POS for lemma manježat
Found no POS for lemma kälykset
Found no POS for lemma runsasmunainen
Found no POS for lemma runsasmunainen
Found no POS for lemma runsasmunainen
Found no POS for lemma runsasmunainen
Found no POS for lemma jälkipuolella
Found no POS for lemma jälkipuolelta
Found no POS for lemma peräpuolelta
Found no POS for lemma lykkäillä
Found no POS for lemma myöhennellä
Found no POS for lemma maŋágeahči
Found no POS for lemma perällepäin
Found no POS for lemma 
Found no POS for lemma perällepäin
Found no POS for lemma 
Found no POS for lemma myöhäiskevät
Found no POS for lemma maŋešsiivvut
Found no POS for lemma jälkeiset
Found no POS for lemma lykkäyttää
Found no POS for lemma 
Found no POS for lemma maŋildassiidu
Found no POS for lemma viimeisenä
Found no POS for lemma jälkimmäisenä
Found no POS for lemma perimmäisenä
Found no POS for lemma takimmaisena
Found no POS for lemma viimeisenä
Found no POS for lemma jälkimmäisenä
Found no POS for lemma perimmäisenä
Found no POS for lemma takimmaisena
Found no POS for lemma jälkimmäiseksi
Found no POS for lemma perimmäiseksi
Found no POS for lemma takimmaiseksi
Found no POS for lemma jälkimmäiseksi
Found no POS for lemma perimmäiseksi
Found no POS for lemma takimmaiseksi
Found no POS for lemma viisaudenhampaat
Found no POS for lemma maŋisčuovvu
Found no POS for lemma myöhempi
Found no POS for lemma maŋŋásis,
Found no POS for lemma rasvoineen
Found no POS for lemma takasiestin
Found no POS for lemma peräsiestin
Found no POS for lemma takasiestin
Found no POS for lemma myöhäiseksi
Found no POS for lemma marasto
Found no POS for lemma marasto
Found no POS for lemma maratoni
Found no POS for lemma marioneahtta
Found no POS for lemma marmeláda
Found no POS for lemma maršálka
Found no POS for lemma pahkuraiseksi
Found no POS for lemma pahkuraiseksi
Found no POS for lemma marše-
Found no POS for lemma maskeráda
Found no POS for lemma naamiaiset
Found no POS for lemma matriisa
Found no POS for lemma matrusa
Found no POS for lemma máddelaš
Found no POS for lemma máddeleppožis
Found no POS for lemma máddeleppožii
Found no POS for lemma etelässä
Found no POS for lemma etelästä
Found no POS for lemma kaakossa
Found no POS for lemma lounaassa
Found no POS for lemma suvunvanhin
Found no POS for lemma máđđa
Found no POS for lemma máđeršattut
Found no POS for lemma matarakasvit
Found no POS for lemma langoksi
Found no POS for lemma langoksi
Found no POS for lemma 
Found no POS for lemma lankoineen
Found no POS for lemma mágašguovttos
Found no POS for lemma mágažan!
Found no POS for lemma langokset
Found no POS for lemma miespuoliset
Found no POS for lemma mággudit
Found no POS for lemma laskoksella
Found no POS for lemma poimulla
Found no POS for lemma laskokselle
Found no POS for lemma poimulle
Found no POS for lemma taannehtivasti
Found no POS for lemma takautuvasti
Found no POS for lemma mukkanuora
Found no POS for lemma poimullaan
Found no POS for lemma taitteella
Found no POS for lemma laskostella
Found no POS for lemma poimullaan
Found no POS for lemma taitteella
Found no POS for lemma maakkana
Found no POS for lemma máhtevahkku
Found no POS for lemma taidot
Found no POS for lemma máhttos
Found no POS for lemma máihlái
Found no POS for lemma máihlás
Found no POS for lemma mahlaton
Found no POS for lemma vähämahlainen
Found no POS for lemma mahlaton
Found no POS for lemma vähämahlainen
Found no POS for lemma mahloittua
Found no POS for lemma máilmmi
Found no POS for lemma tavattoman
Found no POS for lemma suunnattoman
Found no POS for lemma máilmmiviidodaš
Found no POS for lemma maistelias
Found no POS for lemma máisulit
Found no POS for lemma máisut
Found no POS for lemma lämpenemään
Found no POS for lemma sulalta
Found no POS for lemma sulalta
Found no POS for lemma máksineavttut
Found no POS for lemma maksuehdot
Found no POS for lemma maksuvelvollinen
Found no POS for lemma máksinnávccat
Found no POS for lemma molár
Found no POS for lemma málesráđit
Found no POS for lemma keittoainekset
Found no POS for lemma malkuri
Found no POS for lemma -mállet
Found no POS for lemma -mallinen
Found no POS for lemma petkuttamaksi
Found no POS for lemma mánáhuš
Found no POS for lemma lapsettua
Found no POS for lemma lastenvaunut
Found no POS for lemma lastenvaunut
Found no POS for lemma iva
Found no POS for lemma mánnábuorre
Found no POS for lemma lapsia
Found no POS for lemma mánnomearkkat
Found no POS for lemma kuukautiset
Found no POS for lemma kuukautiset
Found no POS for lemma kuukautiskivut
Found no POS for lemma kuu
Found no POS for lemma kuu
Found no POS for lemma mánodávddat
Found no POS for lemma kuukautiset
Found no POS for lemma mánohatidja
Found no POS for lemma mántel
Found no POS for lemma monikulkio
Found no POS for lemma máŋganuppelohkái
Found no POS for lemma máŋgel
Found no POS for lemma máŋggačuođat
Found no POS for lemma máŋggadáiddolaš
Found no POS for lemma monitieteellinen
Found no POS for lemma máŋggaiđot
Found no POS for lemma monisirkkainen
Found no POS for lemma moniäänen
Found no POS for lemma moniperusteinen
Found no POS for lemma márastat
Found no POS for lemma makkaroita
Found no POS for lemma ihmisjoukosta
Found no POS for lemma porotokasta
Found no POS for lemma márjjábeaivi
Found no POS for lemma marianpäivä
Found no POS for lemma márjjabeaivi
Found no POS for lemma marianpäivä
Found no POS for lemma márjjámeassu
Found no POS for lemma marianmessu
Found no POS for lemma márjjávahkku
Found no POS for lemma márjjavahkku
Found no POS for lemma huhupuhu
Found no POS for lemma markkinavaljaat
Found no POS for lemma markkusaamelainen
Found no POS for lemma ihmisjoukosta
Found no POS for lemma porotokasta
Found no POS for lemma matkalle
Found no POS for lemma máttariikkat
Found no POS for lemma etelämaat
Found no POS for lemma etelään
Found no POS for lemma kaakkoon
Found no POS for lemma lounaaseen
Found no POS for lemma etelästä
Found no POS for lemma eteläisempi
Found no POS for lemma mávrrádit
Found no POS for lemma mylväistä
Found no POS for lemma maksua
Found no POS for lemma 
Found no POS for lemma meaddilaš
Found no POS for lemma meaddeljohtti
Found no POS for lemma meađđen-
Found no POS for lemma määkäistä
Found no POS for lemma meahcabealli
Found no POS for lemma meahcástan-
Found no POS for lemma metsänkävijiä
Found no POS for lemma metsään
Found no POS for lemma metsällä
Found no POS for lemma meahcciluvvat
Found no POS for lemma metsike
Found no POS for lemma metsimys
Found no POS for lemma metsike
Found no POS for lemma metsimys
Found no POS for lemma metsike
Found no POS for lemma metsimys
Found no POS for lemma 
Found no POS for lemma muokkailla
Found no POS for lemma pehmitellä
Found no POS for lemma meiskata
Found no POS for lemma 
Found no POS for lemma mealis
Found no POS for lemma meandá
Found no POS for lemma 
Found no POS for lemma 
Found no POS for lemma rysällä
Found no POS for lemma 
Found no POS for lemma mearkalammái
Found no POS for lemma merkkailla
Found no POS for lemma mearrafámut
Found no POS for lemma merivoimat
Found no POS for lemma leveäpyrstökihu
Found no POS for lemma mearridannávccat
Found no POS for lemma määreosa
Found no POS for lemma juhlat
Found no POS for lemma juhlallisuudet
Found no POS for lemma marjoista
Found no POS for lemma mesto
Found no POS for lemma measttu
Found no POS for lemma marjoista
Found no POS for lemma mesto
Found no POS for lemma marjoista
Found no POS for lemma mesto
Found no POS for lemma mestaruuskisat
Found no POS for lemma tiedotusvälineet
Found no POS for lemma lääkintöhallitus
Found no POS for lemma megaherza
Found no POS for lemma megalomaniija
Found no POS for lemma megalomána
Found no POS for lemma määkyillä
Found no POS for lemma määkyjä
Found no POS for lemma melankoliija
Found no POS for lemma porosta
Found no POS for lemma ansiot
Found no POS for lemma -pa
Found no POS for lemma -pä
Found no POS for lemma metamorfosa
Found no POS for lemma metastása
Found no POS for lemma meteoroida
Found no POS for lemma metropolitihtta
Found no POS for lemma karttamaan
Found no POS for lemma luopumaan
Found no POS for lemma mieđđamánas
Found no POS for lemma myötätuuleen
Found no POS for lemma myötävirtaan
Found no POS for lemma myötäiseen
Found no POS for lemma nukkumateltta
Found no POS for lemma rankinen
Found no POS for lemma miehtasit
Found no POS for lemma myönteiseksi
Found no POS for lemma miehtebiggii
Found no POS for lemma myötätuuleen
Found no POS for lemma myötävirtaan
Found no POS for lemma myötäsyyhyn
Found no POS for lemma myötävirtaan
Found no POS for lemma pituussuuntaan
Found no POS for lemma mieiggehit
Found no POS for lemma kaistapäisyys
Found no POS for lemma mielamiel-
Found no POS for lemma mielaskuddat
Found no POS for lemma mielasmuvvat
Found no POS for lemma mielbargi
Found no POS for lemma jäljennyttää
Found no POS for lemma matkassa
Found no POS for lemma miekkalisäke
Found no POS for lemma miekkalisäke
Found no POS for lemma mielkejorrit
Found no POS for lemma maitokärryt
Found no POS for lemma vähämaitoinen
Found no POS for lemma vähämaitoinen
Found no POS for lemma /em>alitajunnassa
Found no POS for lemma mieluisin
Found no POS for lemma mieluisampi
Found no POS for lemma mieluisempi
Found no POS for lemma mieluisampi
Found no POS for lemma mieluisempi
Found no POS for lemma miellasupmi
Found no POS for lemma miellašupmi
Found no POS for lemma miellavádjidis
Found no POS for lemma mella
Found no POS for lemma mielvázzit
Found no POS for lemma mierru
Found no POS for lemma vasoja
Found no POS for lemma vähävasainen
Found no POS for lemma vähävasainen
Found no POS for lemma reikiinnyttää
Found no POS for lemma mieskkahasat
Found no POS for lemma mätyys
Found no POS for lemma vasakas
Found no POS for lemma runsasvasainen
Found no POS for lemma vasakas
Found no POS for lemma runsasvasainen
Found no POS for lemma miesserášut
Found no POS for lemma pensassirkkalintu
Found no POS for lemma rusautella
Found no POS for lemma miettáštallat
Found no POS for lemma migrena
Found no POS for lemma melkoisen
Found no POS for lemma 
Found no POS for lemma tunnistettavuus
Found no POS for lemma mikä?
Found no POS for lemma peninkulmittain
Found no POS for lemma peninkulmakaupalla
Found no POS for lemma mikroskohppa
Found no POS for lemma minerálaeana
Found no POS for lemma minimálalaš
Found no POS for lemma mirket
Found no POS for lemma mirkobastil
Found no POS for lemma kyy
Found no POS for lemma missioneara
Found no POS for lemma parisen
Found no POS for lemma moaddečuođi
Found no POS for lemma parisataa
Found no POS for lemma moaddeduhát
Found no POS for lemma parituhatta
Found no POS for lemma moaddelogi
Found no POS for lemma parikymmentä
Found no POS for lemma moahtiluvvat
Found no POS for lemma moaittus
Found no POS for lemma moagge-
Found no POS for lemma käkkyrässä
Found no POS for lemma moalaidahttit
Found no POS for lemma käkkyräinen
Found no POS for lemma moalke-
Found no POS for lemma käkkyräinen
Found no POS for lemma mutkilla
Found no POS for lemma käkkyrässä
Found no POS for lemma mutkalla
Found no POS for lemma moallogeađggit
Found no POS for lemma useat
Found no POS for lemma ura
Found no POS for lemma pauloite
Found no POS for lemma pauloitella
Found no POS for lemma moarrái
Found no POS for lemma moarrás
Found no POS for lemma kurtistuttaa
Found no POS for lemma moarsalit
Found no POS for lemma tyttöystäväksi
Found no POS for lemma moarsái
Found no POS for lemma hienohelmainen
Found no POS for lemma moarsás
Found no POS for lemma hienohelmainen
Found no POS for lemma morsiamineen
Found no POS for lemma morsiamineen
Found no POS for lemma hienohelmainen
Found no POS for lemma moartal
Found no POS for lemma moniviikkoinen
Found no POS for lemma 
Found no POS for lemma mobbá
Found no POS for lemma moderáhtta
Found no POS for lemma mutkata
Found no POS for lemma mutkalla
Found no POS for lemma 
Found no POS for lemma mutkalla
Found no POS for lemma mohtor-
Found no POS for lemma mutaannuttaa
Found no POS for lemma liejuunnuttaa
Found no POS for lemma moivái
Found no POS for lemma moivás
Found no POS for lemma moive-
Found no POS for lemma mellastaja
Found no POS for lemma räyhäämään
Found no POS for lemma mojohahttit
Found no POS for lemma molde-
Found no POS for lemma mollái
Found no POS for lemma mollás
Found no POS for lemma vaihtovaatteet
Found no POS for lemma molssastat
Found no POS for lemma vaihtehtoinen
Found no POS for lemma molža
Found no POS for lemma molžái
Found no POS for lemma molžás
Found no POS for lemma mongertaja
Found no POS for lemma monimuš-
Found no POS for lemma manimuš-
Found no POS for lemma monitovra
Found no POS for lemma moráhallat
Found no POS for lemma heräys
Found no POS for lemma heräys
Found no POS for lemma morsiamineen
Found no POS for lemma morsešguovttos
Found no POS for lemma mosaihkka
Found no POS for lemma moska
Found no POS for lemma moskku-
Found no POS for lemma moskku-
Found no POS for lemma huppuun
Found no POS for lemma hupussa
Found no POS for lemma mosti
Found no POS for lemma mostta-
Found no POS for lemma movgár
Found no POS for lemma movttaguvvat
Found no POS for lemma mozzi
Found no POS for lemma muddenmunnái
Found no POS for lemma muddenmunnás
Found no POS for lemma naamalleen
Found no POS for lemma nenälleen
Found no POS for lemma muhttálas
Found no POS for lemma lumeen
Found no POS for lemma muistelija
Found no POS for lemma muitosánit
Found no POS for lemma muistosanat
Found no POS for lemma mukka-
Found no POS for lemma mukkiigit
Found no POS for lemma muktásit
Found no POS for lemma mulgát
Found no POS for lemma mulge-
Found no POS for lemma mumia
Found no POS for lemma munnagaš
Found no POS for lemma munnái
Found no POS for lemma munnás
Found no POS for lemma paltsa
Found no POS for lemma utu
Found no POS for lemma verevöityä
Found no POS for lemma muođut
Found no POS for lemma kasvot
Found no POS for lemma koi
Found no POS for lemma muohtafásttut
Found no POS for lemma lumeton
Found no POS for lemma lumeton
Found no POS for lemma muohtalásat
Found no POS for lemma aurinkolasit
Found no POS for lemma lumessa
Found no POS for lemma muokkuštit
Found no POS for lemma muoldo
Found no POS for lemma muolla
Found no POS for lemma hoilaus
Found no POS for lemma vähäpuinen
Found no POS for lemma vähäpuinen
Found no POS for lemma muorjái
Found no POS for lemma runsasmarjainen
Found no POS for lemma muorjás
Found no POS for lemma runsasmarjainen
Found no POS for lemma puu
Found no POS for lemma puu
Found no POS for lemma muorraeana
Found no POS for lemma runsaspuinen
Found no POS for lemma runsaspuinen
Found no POS for lemma runsaspuinen
Found no POS for lemma runsaspuinen
Found no POS for lemma muossái
Found no POS for lemma muossás
Found no POS for lemma muotka
Found no POS for lemma kannaksen
Found no POS for lemma taipaleeton
Found no POS for lemma vähätaipaleinen
Found no POS for lemma taipaleeton
Found no POS for lemma vähätaipaleinen
Found no POS for lemma täteineen
Found no POS for lemma muováskit
Found no POS for lemma muovjeguolga
Found no POS for lemma muovjjat
Found no POS for lemma ruhjaista
Found no POS for lemma marjastella
Found no POS for lemma marjailla
Found no POS for lemma marjailla
Found no POS for lemma musá
Found no POS for lemma muvsá
Found no POS for lemma muskáhttaniehtti
Found no POS for lemma mustelaš
Found no POS for lemma muškát
Found no POS for lemma taivallella
Found no POS for lemma taivallella
Found no POS for lemma turpeilla
Found no POS for lemma multapenkillä
Found no POS for lemma mulásen
Found no POS for lemma musikki
Found no POS for lemma mutsikki
Found no POS for lemma musikkisuivakko
Found no POS for lemma musikkivalkko
Found no POS for lemma pienivartinen
Found no POS for lemma pienivartinen
Found no POS for lemma kahvassa
Found no POS for lemma kahvaan
Found no POS for lemma nađđái
Found no POS for lemma nađđás
Found no POS for lemma nađđii
Found no POS for lemma nađđes
Found no POS for lemma nimeksi
Found no POS for lemma hiukkasen
Found no POS for lemma hiprakassa
Found no POS for lemma 
Found no POS for lemma uni
Found no POS for lemma unisilmässä
Found no POS for lemma unisilmässä
Found no POS for lemma uni
Found no POS for lemma pujautella
Found no POS for lemma nahkehit
Found no POS for lemma -kin
Found no POS for lemma riisuskella
Found no POS for lemma lökäpöksyinen
Found no POS for lemma lökäpöksyinen
Found no POS for lemma anonyymiksi
Found no POS for lemma namalas
Found no POS for lemma -namat
Found no POS for lemma -nammasaš
Found no POS for lemma nimeltä
Found no POS for lemma tarkoituksessa
Found no POS for lemma tae
Found no POS for lemma tae
Found no POS for lemma nanohallat
Found no POS for lemma vahvana
Found no POS for lemma vankkana
Found no POS for lemma nana/nanu
Found no POS for lemma huumeongelmainen
Found no POS for lemma narsista
Found no POS for lemma narsisttalaš
Found no POS for lemma nartešattut
Found no POS for lemma rikkokasvit
Found no POS for lemma naskalit
Found no POS for lemma naskit
Found no POS for lemma naskkádit
Found no POS for lemma naskkihit
Found no POS for lemma naturalista
Found no POS for lemma naturalisttalaš
Found no POS for lemma oletella
Found no POS for lemma lyhyeksi
Found no POS for lemma tyngäksi
Found no POS for lemma navvánit
Found no POS for lemma náđet
Found no POS for lemma náđegis
Found no POS for lemma kyyhötellä
Found no POS for lemma kyyrötellä
Found no POS for lemma 
Found no POS for lemma 
Found no POS for lemma tiuhaan
Found no POS for lemma tiuhassa
Found no POS for lemma 
Found no POS for lemma änkyröidä
Found no POS for lemma sisutella
Found no POS for lemma 
Found no POS for lemma nahkajukko
Found no POS for lemma naappu
Found no POS for lemma náigalit
Found no POS for lemma náigguhit
Found no POS for lemma náittosheajat
Found no POS for lemma häät
Found no POS for lemma vihkiäiset
Found no POS for lemma nákkuscealkka
Found no POS for lemma typistellä
Found no POS for lemma typistelmä
Found no POS for lemma nálggasis/nálga
Found no POS for lemma nálkor
Found no POS for lemma pyssyrämä
Found no POS for lemma jälkeläiset
Found no POS for lemma neulikko
Found no POS for lemma nállomuorat
Found no POS for lemma havupuut
Found no POS for lemma nállonárkkusteaddji
Found no POS for lemma námmoaivi
Found no POS for lemma -náre
Found no POS for lemma nárku
Found no POS for lemma kiusottelu
Found no POS for lemma nársitnet
Found no POS for lemma nárvulit
Found no POS for lemma kurttuiseksi
Found no POS for lemma nárvut
Found no POS for lemma kurttuiseksi
Found no POS for lemma kurttuiseksi
Found no POS for lemma nárve-
Found no POS for lemma käprisyneenä
Found no POS for lemma kurtussa
Found no POS for lemma kurttuun
Found no POS for lemma rypyssä
Found no POS for lemma ryppyyn
Found no POS for lemma ryppyynnyttää
Found no POS for lemma vyö
Found no POS for lemma návat
Found no POS for lemma návdái
Found no POS for lemma návdás
Found no POS for lemma návdduhus
Found no POS for lemma tyrkytys
Found no POS for lemma puunaulan
Found no POS for lemma pilkkanaan
Found no POS for lemma návva
Found no POS for lemma rikkainen
Found no POS for lemma rikkainen
Found no POS for lemma sisarenlapseksi
Found no POS for lemma raihnastua
Found no POS for lemma komeammalta
Found no POS for lemma paremmalta
Found no POS for lemma neahtastallat
Found no POS for lemma neahtuš
Found no POS for lemma nealge-
Found no POS for lemma näskäyslauta
Found no POS for lemma nahasta
Found no POS for lemma näskäillä
Found no POS for lemma neavrái
Found no POS for lemma neavrás
Found no POS for lemma sydämistymään
Found no POS for lemma 
Found no POS for lemma sisarenlapsineen
Found no POS for lemma 
Found no POS for lemma neger
Found no POS for lemma ryhdikkäämmältä
Found no POS for lemma paremmalta
Found no POS for lemma netto-
Found no POS for lemma neutra
Found no POS for lemma neutrona
Found no POS for lemma änkyröidä
Found no POS for lemma neuvoskella
Found no POS for lemma nytkytellä
Found no POS for lemma ng.
Found no POS for lemma ns.
Found no POS for lemma piitta
Found no POS for lemma niegir
Found no POS for lemma niehkabealli
Found no POS for lemma niehkkeruovddit
Found no POS for lemma saranat
Found no POS for lemma uni
Found no POS for lemma Seulaset
Found no POS for lemma Seulaset
Found no POS for lemma nieiddahas
Found no POS for lemma nieiddahuoš
Found no POS for lemma tyttörukka
Found no POS for lemma tyttärineen
Found no POS for lemma nierastit
Found no POS for lemma vähäeväinen
Found no POS for lemma vähäeväinen
Found no POS for lemma niestut
Found no POS for lemma nievke-
Found no POS for lemma niibádit
Found no POS for lemma puukotella
Found no POS for lemma korvaukseksi
Found no POS for lemma nilpi
Found no POS for lemma nilppas
Found no POS for lemma nilppehit
Found no POS for lemma nirppiidit
Found no POS for lemma nirpe-
Found no POS for lemma nyrpistelijä
Found no POS for lemma virneessä
Found no POS for lemma nirve-
Found no POS for lemma nirvvádit
Found no POS for lemma virneessä
Found no POS for lemma niskádit
Found no POS for lemma niskapistolla
Found no POS for lemma vehnäjauhot
Found no POS for lemma emännätön
Found no POS for lemma emännättä
Found no POS for lemma nisttihahkes
Found no POS for lemma nisustit
Found no POS for lemma suutahdella
Found no POS for lemma njaccagastit
Found no POS for lemma njaddasaddat
Found no POS for lemma -njaddit
Found no POS for lemma njađa
Found no POS for lemma niittailla
Found no POS for lemma nidoskella
Found no POS for lemma neuloskella
Found no POS for lemma kunnostella
Found no POS for lemma nitoutua
Found no POS for lemma njađus
Found no POS for lemma njahcat
Found no POS for lemma njahkastallat
Found no POS for lemma rakennuksesta
Found no POS for lemma livakka
Found no POS for lemma livakka
Found no POS for lemma luiskahdella
Found no POS for lemma massuttaa
Found no POS for lemma toimeen
Found no POS for lemma nilistää
Found no POS for lemma toimeen
Found no POS for lemma maalittomaksi
Found no POS for lemma maalittomaksi
Found no POS for lemma maalittomaksi
Found no POS for lemma maalittomaksi
Found no POS for lemma njalke-
Found no POS for lemma luiskahdella
Found no POS for lemma nili
Found no POS for lemma niliaitta
Found no POS for lemma niloa
Found no POS for lemma vedenpintaa
Found no POS for lemma njalse-
Found no POS for lemma imetellä
Found no POS for lemma yllättäen
Found no POS for lemma imu
Found no POS for lemma rötkäyttää
Found no POS for lemma rötkähtää
Found no POS for lemma njaŋge-
Found no POS for lemma njaŋgos
Found no POS for lemma njappagastit
Found no POS for lemma 
Found no POS for lemma njarve-
Found no POS for lemma njassasit
Found no POS for lemma njatta
Found no POS for lemma mätö
Found no POS for lemma njakče-
Found no POS for lemma viisteellä
Found no POS for lemma njavvái
Found no POS for lemma nivainen
Found no POS for lemma njavvás
Found no POS for lemma nivainen
Found no POS for lemma njazagastit
Found no POS for lemma njahcagastit
Found no POS for lemma madalluttaa
Found no POS for lemma matalalaitaiseksi
Found no POS for lemma matalalaitaiseksi
Found no POS for lemma takkala
Found no POS for lemma njáidát
Found no POS for lemma nahjusmainen
Found no POS for lemma aremmaksi
Found no POS for lemma saamattomammaksi
Found no POS for lemma arkana
Found no POS for lemma saamattomana
Found no POS for lemma nahjusmainen
Found no POS for lemma nahjusmainen
Found no POS for lemma nenäke
Found no POS for lemma nenäke
Found no POS for lemma njákču
Found no POS for lemma kenosarvinen
Found no POS for lemma suulla
Found no POS for lemma njálbmenana/njálbmenanu
Found no POS for lemma njálbmeruovddit
Found no POS for lemma kuolaimet
Found no POS for lemma suu
Found no POS for lemma 
Found no POS for lemma suu
Found no POS for lemma 
Found no POS for lemma suu
Found no POS for lemma maukkaaksi
Found no POS for lemma rikkaläjä
Found no POS for lemma kiepitä
Found no POS for lemma vyyhdellä
Found no POS for lemma vyyhdellä
Found no POS for lemma vyyhdelle
Found no POS for lemma vyyhdelle
Found no POS for lemma rötkäyttää
Found no POS for lemma pötkäle
Found no POS for lemma rötkähtää
Found no POS for lemma rötkähtää
Found no POS for lemma njáŋge-
Found no POS for lemma rötkähtää
Found no POS for lemma pötkäle
Found no POS for lemma retkale
Found no POS for lemma pötkäle
Found no POS for lemma retkale
Found no POS for lemma njáŋgos
Found no POS for lemma oikosenaan
Found no POS for lemma rötköllään
Found no POS for lemma ohennin
Found no POS for lemma njárbbineana
Found no POS for lemma harvakarva
Found no POS for lemma harvasarvi
Found no POS for lemma niemekäs
Found no POS for lemma niemekäs
Found no POS for lemma njárgii
Found no POS for lemma niemekäs
Found no POS for lemma njárges
Found no POS for lemma niemekäs
Found no POS for lemma niemeläinen
Found no POS for lemma matalalaitainen
Found no POS for lemma matalalaitainen
Found no POS for lemma njáskkahagat
Found no POS for lemma karsimis-
Found no POS for lemma raivausjätteet
Found no POS for lemma rötkäyttää
Found no POS for lemma njáške-
Found no POS for lemma rojautella
Found no POS for lemma rötkäytellä
Found no POS for lemma njávežangálgu
Found no POS for lemma nauunta
Found no POS for lemma naukumalla
Found no POS for lemma njávkkiidit
Found no POS for lemma njávskkohat
Found no POS for lemma njávvaluššat
Found no POS for lemma leuanaluskarvat
Found no POS for lemma njávveguolggat
Found no POS for lemma leuanaluskarvat
Found no POS for lemma suveta
Found no POS for lemma njeaccanas
Found no POS for lemma njeazze-
Found no POS for lemma tuiskusää
Found no POS for lemma tuiskusää
Found no POS for lemma njeađggadat
Found no POS for lemma tuiskusää
Found no POS for lemma tuiskuttuva
Found no POS for lemma pudottamaksi
Found no POS for lemma kaatamaksi
Found no POS for lemma kaatamaksi
Found no POS for lemma pudottamaksi
Found no POS for lemma 
Found no POS for lemma 
Found no POS for lemma 
Found no POS for lemma 
Found no POS for lemma retkallaan
Found no POS for lemma neljänneksi
Found no POS for lemma njealját
Found no POS for lemma njealjátlohjahkásaš
Found no POS for lemma njealjátlohkái
Found no POS for lemma neljättäkymmentä
Found no POS for lemma njealjis
Found no POS for lemma neljittäin
Found no POS for lemma njeallje
Found no POS for lemma neljä
Found no POS for lemma njealljegoalmmátlohkái
Found no POS for lemma neljäkolmatta
Found no POS for lemma njealljenuppelogát
Found no POS for lemma neljästoista
Found no POS for lemma njealljenuppelohkái
Found no POS for lemma neljätoista
Found no POS for lemma njearrái
Found no POS for lemma njearrás
Found no POS for lemma rapakkoiseksi
Found no POS for lemma rapakkoiseksi
Found no POS for lemma rapakkoinen
Found no POS for lemma njeašše-
Found no POS for lemma rapakkoinen
Found no POS for lemma rapakoitua
Found no POS for lemma njeakce-
Found no POS for lemma retkallaan
Found no POS for lemma neljittäin
Found no POS for lemma puijaamaksi
Found no POS for lemma jalkapöydäntie
Found no POS for lemma nielemäksi
Found no POS for lemma nielettää
Found no POS for lemma kurkussa
Found no POS for lemma njiessat
Found no POS for lemma uikahtaa
Found no POS for lemma njimádit
Found no POS for lemma uikahtaa
Found no POS for lemma nielemäksi
Found no POS for lemma njirahat
Found no POS for lemma ruikauttaa
Found no POS for lemma 
Found no POS for lemma täinmunat
Found no POS for lemma njivkkas
Found no POS for lemma inahtelu
Found no POS for lemma njivle-
Found no POS for lemma kirjatäitä
Found no POS for lemma njoađđut
Found no POS for lemma njoađve-
Found no POS for lemma njoaiddo-
Found no POS for lemma njoalce-
Found no POS for lemma nuolematon
Found no POS for lemma lipakko
Found no POS for lemma lipsakko
Found no POS for lemma lipsakaksi
Found no POS for lemma liukkaaksi
Found no POS for lemma lipakka
Found no POS for lemma lipsakka
Found no POS for lemma njoalpe-
Found no POS for lemma lipakka
Found no POS for lemma lipsakka
Found no POS for lemma njoammelaš
Found no POS for lemma njoammelruovddit
Found no POS for lemma jäniksenraudat
Found no POS for lemma tarttumaan
Found no POS for lemma mönkimään
Found no POS for lemma ryömimään
Found no POS for lemma njoaranas
Found no POS for lemma suopunginheittoetäisyydelle
Found no POS for lemma suopunginheittoetäisyydellä
Found no POS for lemma lepoon
Found no POS for lemma levähtämään
Found no POS for lemma levossa
Found no POS for lemma levähtämässä
Found no POS for lemma rötkähtää
Found no POS for lemma njoaskkehit
Found no POS for lemma rötkähtää
Found no POS for lemma päinmakuulla
Found no POS for lemma njoaškit
Found no POS for lemma njoaškkas
Found no POS for lemma virvelillä
Found no POS for lemma ravia
Found no POS for lemma njolgái
Found no POS for lemma njolgás
Found no POS for lemma nulkastaa
Found no POS for lemma nulkka
Found no POS for lemma 
Found no POS for lemma nulkkailla
Found no POS for lemma ravia
Found no POS for lemma nulkkailla
Found no POS for lemma ravia
Found no POS for lemma njolve-
Found no POS for lemma sairaasta
Found no POS for lemma 
Found no POS for lemma tiuhta
Found no POS for lemma tiuhta
Found no POS for lemma suorahko
Found no POS for lemma tirsat
Found no POS for lemma tasakantainen
Found no POS for lemma suorentua
Found no POS for lemma oioskella
Found no POS for lemma njulggosmuvvat
Found no POS for lemma njulggohis
Found no POS for lemma njulgolat
Found no POS for lemma tupsahdella
Found no POS for lemma luiskahdella
Found no POS for lemma keulapainoon
Found no POS for lemma kokkapainoon
Found no POS for lemma keulapainossa
Found no POS for lemma kokkapainoon
Found no POS for lemma njunástit
Found no POS for lemma kärjetön
Found no POS for lemma pieninenäinen
Found no POS for lemma pieninokkainen
Found no POS for lemma kärjetön
Found no POS for lemma pieninenäinen
Found no POS for lemma pieninokkainen
Found no POS for lemma nenäke
Found no POS for lemma njunnái
Found no POS for lemma isonenäinen
Found no POS for lemma isonokkainen
Found no POS for lemma njunnás
Found no POS for lemma isonenäinen
Found no POS for lemma isonokkainen
Found no POS for lemma 
Found no POS for lemma sahalaidalla
Found no POS for lemma tarkkanenäinen
Found no POS for lemma tarkkanenäinen
Found no POS for lemma nenälleen
Found no POS for lemma nenälleen
Found no POS for lemma njuŋgu
Found no POS for lemma pötkylä
Found no POS for lemma 
Found no POS for lemma suorana
Found no POS for lemma njuohcadit
Found no POS for lemma nuutumaan
Found no POS for lemma njuohpahat
Found no POS for lemma suoranokkaiseksi
Found no POS for lemma njuogge-
Found no POS for lemma 
Found no POS for lemma suorana
Found no POS for lemma öljykotti
Found no POS for lemma suorassa
Found no POS for lemma suorana
Found no POS for lemma njuolgadas
Found no POS for lemma njuolggagit
Found no POS for lemma oikoisena
Found no POS for lemma suorempi
Found no POS for lemma suoraselkäisenä
Found no POS for lemma ryhdikkäänä
Found no POS for lemma höläyttelijä
Found no POS for lemma njuolggoflöita
Found no POS for lemma njuolggolinnjat
Found no POS for lemma ressukaksi
Found no POS for lemma njuolve-
Found no POS for lemma 
Found no POS for lemma pehmeäksi
Found no POS for lemma roihuamaan
Found no POS for lemma leimuamaan
Found no POS for lemma njuoršo-
Found no POS for lemma njuorššádit
Found no POS for lemma myötäämään
Found no POS for lemma veresliha
Found no POS for lemma 
Found no POS for lemma märkänä
Found no POS for lemma 
Found no POS for lemma raakana
Found no POS for lemma kostealta
Found no POS for lemma nyljeskellä
Found no POS for lemma teurastuttaa
Found no POS for lemma nyljeskellä
Found no POS for lemma vellikopara
Found no POS for lemma suljussa
Found no POS for lemma limassa
Found no POS for lemma suljussa
Found no POS for lemma limassa
Found no POS for lemma vastateurastettuna
Found no POS for lemma njuovvešattut
Found no POS for lemma lahnaruohokasvit
Found no POS for lemma nylkijä
Found no POS for lemma njuvddan
Found no POS for lemma taakaksi
Found no POS for lemma 
Found no POS for lemma taakkahihna
Found no POS for lemma taakkapuoli
Found no POS for lemma taakkahärkä
Found no POS for lemma taakkapororaito
Found no POS for lemma pienata
Found no POS for lemma pienata
Found no POS for lemma nostatella
Found no POS for lemma yllytellä
Found no POS for lemma nođđet
Found no POS for lemma kerälle
Found no POS for lemma kerällä
Found no POS for lemma kerältä
Found no POS for lemma nođus
Found no POS for lemma nukutella
Found no POS for lemma katovainen
Found no POS for lemma noitumaksi
Found no POS for lemma taikomaksi
Found no POS for lemma kykkijä
Found no POS for lemma kyykistelijä
Found no POS for lemma kykkijä
Found no POS for lemma kyykistelijä
Found no POS for lemma norbmet
Found no POS for lemma töyttäillä
Found no POS for lemma pukkia
Found no POS for lemma katkosarvinen
Found no POS for lemma katkosarvinen
Found no POS for lemma normánni
Found no POS for lemma täpätä
Found no POS for lemma täpätä
Found no POS for lemma nuktalus
Found no POS for lemma nutipääksi
Found no POS for lemma sarvettomaksi
Found no POS for lemma nulppo
Found no POS for lemma 
Found no POS for lemma nuottailla
Found no POS for lemma nuohttái
Found no POS for lemma nuohttás
Found no POS for lemma riisuskella
Found no POS for lemma riisuttaa
Found no POS for lemma 
Found no POS for lemma 
Found no POS for lemma heiveröiseksi
Found no POS for lemma kapaloimaton
Found no POS for lemma kapaloimaton
Found no POS for lemma kapaloimattomana
Found no POS for lemma pauloittamaton
Found no POS for lemma pauloittamaton
Found no POS for lemma nuorempi
Found no POS for lemma laahustella
Found no POS for lemma raahautumaan
Found no POS for lemma nuorbbuhit
Found no POS for lemma /em>nykynuoriso
Found no POS for lemma kiveen
Found no POS for lemma kiveen
Found no POS for lemma kiveen
Found no POS for lemma nuortaeana
Found no POS for lemma idäntie
Found no POS for lemma idässä
Found no POS for lemma idästä
Found no POS for lemma idässä
Found no POS for lemma idästä
Found no POS for lemma koillisessa
Found no POS for lemma koillisesta
Found no POS for lemma kaakossa
Found no POS for lemma kaakosta
Found no POS for lemma itämaat
Found no POS for lemma itäpäässä
Found no POS for lemma itäpäästä
Found no POS for lemma idästä
Found no POS for lemma itään
Found no POS for lemma koilliseen
Found no POS for lemma itäänpäin
Found no POS for lemma kaakkoon
Found no POS for lemma itäisempi
Found no POS for lemma rivona
Found no POS for lemma siveettömänä
Found no POS for lemma rivommaksi
Found no POS for lemma siveettömämmäksi
Found no POS for lemma toiskielinen
Found no POS for lemma nuppeláhkaijurddašeaddji
Found no POS for lemma nuppelogis
Found no POS for lemma nuppelohkái
Found no POS for lemma toistakymmentä
Found no POS for lemma nurde-
Found no POS for lemma hirrenpää
Found no POS for lemma nurse-
Found no POS for lemma nuršo-
Found no POS for lemma rivosti
Found no POS for lemma nušihit
Found no POS for lemma nuvgá
Found no POS for lemma nuukaa
Found no POS for lemma maksutta
Found no POS for lemma nuvttevahkku
Found no POS for lemma nuuttiviikko
Found no POS for lemma siepakka
Found no POS for lemma runsaskarjainen
Found no POS for lemma runsaskarjainen
Found no POS for lemma verevöityä
Found no POS for lemma huonokuntoiseksi
Found no POS for lemma oadji
Found no POS for lemma oja
Found no POS for lemma oadjo-
Found no POS for lemma tyynnyttely
Found no POS for lemma nukuskella
Found no POS for lemma oađđádagat
Found no POS for lemma vuodevaatteet
Found no POS for lemma makaukset
Found no POS for lemma nukuskella
Found no POS for lemma peiteloude
Found no POS for lemma oađeheapme
Found no POS for lemma oađehis
Found no POS for lemma huonouninen
Found no POS for lemma oađestuhkes
Found no POS for lemma täi
Found no POS for lemma kävellyttää
Found no POS for lemma oahcuhit
Found no POS for lemma opettelija
Found no POS for lemma johdattaja
Found no POS for lemma oahppa-
Found no POS for lemma oahppanávccat
Found no POS for lemma 
Found no POS for lemma 
Found no POS for lemma oahppásaččat
Found no POS for lemma tuttavukset
Found no POS for lemma oahppobagadal
Found no POS for lemma planktoni
Found no POS for lemma planktoni
Found no POS for lemma oainnáldat
Found no POS for lemma oaivás
Found no POS for lemma oaiválit
Found no POS for lemma pääsyyllinen
Found no POS for lemma kuvitelmat
Found no POS for lemma oaiveorohot
Found no POS for lemma johdossa
Found no POS for lemma luusua
Found no POS for lemma ongittaa
Found no POS for lemma oksava
Found no POS for lemma oksikas
Found no POS for lemma oksava
Found no POS for lemma oksikas
Found no POS for lemma oaktái
Found no POS for lemma oaktás
Found no POS for lemma olkavyö
Found no POS for lemma 
Found no POS for lemma olaalla
Found no POS for lemma olastaa
Found no POS for lemma oallái
Found no POS for lemma olaaton
Found no POS for lemma olaatta
Found no POS for lemma aisailla
Found no POS for lemma alaleuanluu
Found no POS for lemma omistella
Found no POS for lemma oami
Found no POS for lemma oapme-
Found no POS for lemma oamit
Found no POS for lemma kotieläimet
Found no POS for lemma oamivánhurskkes
Found no POS for lemma hetkeksi
Found no POS for lemma hetken
Found no POS for lemma hetkeksi
Found no POS for lemma hetken
Found no POS for lemma lyhyempi
Found no POS for lemma lyhyempi
Found no POS for lemma oanehisáigge-
Found no POS for lemma lyhytjärkinen
Found no POS for lemma lyhykalloinen
Found no POS for lemma oanehisoajat
Found no POS for lemma lyhytverso
Found no POS for lemma lyhin
Found no POS for lemma lyhyin
Found no POS for lemma lyhempi
Found no POS for lemma lyhyempi
Found no POS for lemma lyhyempi
Found no POS for lemma puolisisarukset
Found no POS for lemma oappášguovttos
Found no POS for lemma oappážagat
Found no POS for lemma sisarukset
Found no POS for lemma siskokset
Found no POS for lemma sisarukset
Found no POS for lemma siskokset
Found no POS for lemma orpoutua
Found no POS for lemma orpoutua
Found no POS for lemma oarbinaččat
Found no POS for lemma sisarukset
Found no POS for lemma oarbma
Found no POS for lemma oamba
Found no POS for lemma oarči
Found no POS for lemma oardnje-
Found no POS for lemma oarjjibuččas
Found no POS for lemma oarjjibužžii
Found no POS for lemma länsimaat
Found no POS for lemma lännessä
Found no POS for lemma lännestä
Found no POS for lemma luoteessa
Found no POS for lemma luoteesta
Found no POS for lemma lounaassa
Found no POS for lemma lounaasta
Found no POS for lemma länteen
Found no POS for lemma luoteeseen
Found no POS for lemma lounaaseen
Found no POS for lemma lännestä
Found no POS for lemma läntisempi
Found no POS for lemma serkukseen
Found no POS for lemma serkukseen
Found no POS for lemma serkkuni!
Found no POS for lemma serkkuni!
Found no POS for lemma oarpmeležat
Found no POS for lemma serkukset
Found no POS for lemma oambeležat
Found no POS for lemma serkukset
Found no POS for lemma oarskiertu
Found no POS for lemma oarži
Found no POS for lemma kovaosaisuus
Found no POS for lemma onnettomaksi
Found no POS for lemma 
Found no POS for lemma oassádallat
Found no POS for lemma myötätuntoa
Found no POS for lemma osa
Found no POS for lemma tuokion
Found no POS for lemma oavlloštuvvat
Found no POS for lemma loskautua
Found no POS for lemma oavlluš
Found no POS for lemma oavnjjildit
Found no POS for lemma oažžái
Found no POS for lemma oažžás
Found no POS for lemma oažžut
Found no POS for lemma määräämisen
Found no POS for lemma oása
Found no POS for lemma haalarit
Found no POS for lemma täysjyvä
Found no POS for lemma kokonais-
Found no POS for lemma kokonaisena
Found no POS for lemma kokonaiseksi
Found no POS for lemma täysinäisenä
Found no POS for lemma täysinäiseksi
Found no POS for lemma nylkemättömänä
Found no POS for lemma kokonaisena
Found no POS for lemma umpinaiseksi
Found no POS for lemma ummettua
Found no POS for lemma ođahit
Found no POS for lemma 
Found no POS for lemma uutena
Found no POS for lemma uutukaisena
Found no POS for lemma tuliteränä
Found no POS for lemma uudistushaluinen
Found no POS for lemma uudisteapmi
Found no POS for lemma ođastuvvat
Found no POS for lemma terveenoloinen
Found no POS for lemma uutiset
Found no POS for lemma ođđasisatnu
Found no POS for lemma terveenoloinen
Found no POS for lemma ajamaan
Found no POS for lemma /em>kädet
Found no POS for lemma ohcalus
Found no POS for lemma ohcalus
Found no POS for lemma etso
Found no POS for lemma etto
Found no POS for lemma ohkolahkes
Found no POS for lemma epäsuotuinen
Found no POS for lemma epäsuotuinen
Found no POS for lemma oidneš
Found no POS for lemma oidnes
Found no POS for lemma 
Found no POS for lemma näköetäisyydellä
Found no POS for lemma näköoala
Found no POS for lemma ovccilogi
Found no POS for lemma ongiskella
Found no POS for lemma okta
Found no POS for lemma okta
Found no POS for lemma oktanuppelogát
Found no POS for lemma yhdestoista
Found no POS for lemma oktanuppelohkái
Found no POS for lemma yksitoista
Found no POS for lemma oktasašeana
Found no POS for lemma oktiirehket
Found no POS for lemma keskeytyksittä
Found no POS for lemma oktofuolaheaddji
Found no POS for lemma yksittäisopetus
Found no POS for lemma -olat
Found no POS for lemma -ulotteinen
Found no POS for lemma miesrukka
Found no POS for lemma kaveeraus
Found no POS for lemma porukointi
Found no POS for lemma kaveriksi
Found no POS for lemma olbmážan!
Found no POS for lemma ystävykset
Found no POS for lemma kaverukset
Found no POS for lemma toverukset
Found no POS for lemma olbmážagat
Found no POS for lemma ystävykset
Found no POS for lemma kaverukset
Found no POS for lemma toverukset
Found no POS for lemma olggosfárrejeaddji
Found no POS for lemma olggosmihtidit
Found no POS for lemma olggosváldit
Found no POS for lemma päällysvaatteet
Found no POS for lemma /em>uloimpana
Found no POS for lemma olgguštuvvat
Found no POS for lemma ulkotyöt
Found no POS for lemma olgoeana
Found no POS for lemma olgogieldalaš
Found no POS for lemma ulkopäin
Found no POS for lemma kriteerit
Found no POS for lemma vaatimukset
Found no POS for lemma oljui
Found no POS for lemma oljos
Found no POS for lemma oládat
Found no POS for lemma yhteyteen
Found no POS for lemma puitteisiin
Found no POS for lemma ehytkorvainen
Found no POS for lemma kokonaisosa
Found no POS for lemma ulottuvaisuus
Found no POS for lemma aisailla
Found no POS for lemma leukaluut
Found no POS for lemma 
Found no POS for lemma 
Found no POS for lemma useat
Found no POS for lemma useat
Found no POS for lemma useat
Found no POS for lemma useat
Found no POS for lemma ihmis-
Found no POS for lemma olavi
Found no POS for lemma olavi
Found no POS for lemma olympiagilvvut
Found no POS for lemma olympiakisat
Found no POS for lemma olympialaiset
Found no POS for lemma olympiakisat
Found no POS for lemma olympialaiset
Found no POS for lemma omas
no corresponding mg for [{'x': '(= ovdamearkka dihte)', 'xt': 'esim. (= esimerkiksi)'}]
Found no POS for lemma onaniija
Found no POS for lemma opereahtta
Found no POS for lemma yleieurooppalainen
Found no POS for lemma umpiskeli
Found no POS for lemma kokonaisesti
Found no POS for lemma kokonais-
Found no POS for lemma oppalašeana
Found no POS for lemma melkomoisen
Found no POS for lemma umpinen
Found no POS for lemma halkaisematon
Found no POS for lemma halkaisematon
Found no POS for lemma oppus
Found no POS for lemma ordái
Found no POS for lemma ordás
Found no POS for lemma -ordásaš
Found no POS for lemma -särmäinen
Found no POS for lemma -orddat
Found no POS for lemma -särmäinen
Found no POS for lemma särmälle
Found no POS for lemma särmällä
Found no POS for lemma kunnostella
Found no POS for lemma kunnostella
Found no POS for lemma ori
Found no POS for lemma länsiruijalainen
Found no POS for lemma elimillinen
Found no POS for lemma urut
Found no POS for lemma orjješ-
Found no POS for lemma eteläisnorjalaisnainen
Found no POS for lemma orkester
Found no POS for lemma olinseutu
Found no POS for lemma palkinen
Found no POS for lemma asuskella
Found no POS for lemma olo
Found no POS for lemma asuinmaa
Found no POS for lemma ortgrafinen
Found no POS for lemma asumiskelpoinen
Found no POS for lemma pysähtymään
Found no POS for lemma viihtymään
Found no POS for lemma liikkumattomana
Found no POS for lemma liikkumattomana
Found no POS for lemma oseána
Found no POS for lemma osa
Found no POS for lemma 
Found no POS for lemma 
Found no POS for lemma oválalaš
Found no POS for lemma yhdeksänneksi
Found no POS for lemma ovccát
Found no POS for lemma ovccátlohjahkásaš
Found no POS for lemma ovccátlohkái
Found no POS for lemma yhdeksättäkymmentä
Found no POS for lemma ovcci
Found no POS for lemma yhdeksän
Found no POS for lemma ovccilogi
Found no POS for lemma yhdeksänkymmentä
Found no POS for lemma yhdeksänkymmentä
Found no POS for lemma ovccinuppelogát
Found no POS for lemma yhdeksästoista
Found no POS for lemma ovccinuppelohkái
Found no POS for lemma yhdeksäntoista
Found no POS for lemma ovccis
Found no POS for lemma ovda
Found no POS for lemma ovdadutkan-
Found no POS for lemma otsahaaraton
Found no POS for lemma otsahaaraton
Found no POS for lemma ovdanbuktinnávccat
Found no POS for lemma ovdanvázzi
Found no POS for lemma esiroomalainen
Found no POS for lemma ovdarossii
Found no POS for lemma ovdarosses
Found no POS for lemma merkkinä
Found no POS for lemma etusiestin
Found no POS for lemma morsiussaatto
Found no POS for lemma morsiussaatto
Found no POS for lemma ovdavuoigŋašat
Found no POS for lemma ovddageahči
Found no POS for lemma ovddaldas
Found no POS for lemma ensimmäisenä
Found no POS for lemma edellisellä
Found no POS for lemma ensimmäisenä
Found no POS for lemma aikaisempi
Found no POS for lemma edustalle
Found no POS for lemma ovttaanulihtti
Found no POS for lemma ovttageardde-
Found no POS for lemma ovttagovdosaš
Found no POS for lemma samanlevyinen
Found no POS for lemma ovttaguvlolaš
Found no POS for lemma ovttaháltásaš
Found no POS for lemma ovttahálttat
Found no POS for lemma sukupuuttoon
Found no POS for lemma yksisirkkaiset
Found no POS for lemma yhdenvärinen
Found no POS for lemma yhdenvärinen
Found no POS for lemma yksihuoneinen
Found no POS for lemma ovttaláhki
Found no POS for lemma ovttamađumearka
Found no POS for lemma ovttamohtor-
Found no POS for lemma ovttanevvot
Found no POS for lemma ovttaruovttu-
Found no POS for lemma kimpassa
Found no POS for lemma ovttasássi
Found no POS for lemma ovttaorru
Found no POS for lemma yksityisluontoinen
Found no POS for lemma ovttastávval-
Found no POS for lemma ovulašuvdna
Found no POS for lemma parasihttet
Found no POS for lemma paryymi
Found no POS for lemma pariteahtta
Found no POS for lemma paritehta
Found no POS for lemma parotihtta
Found no POS for lemma pastilla
Found no POS for lemma patehtalaš
Found no POS for lemma pánel
Found no POS for lemma pánter
Found no POS for lemma páraiduvvat
Found no POS for lemma parina
Found no POS for lemma pareina
Found no POS for lemma pareina
Found no POS for lemma pareina
Found no POS for lemma párraluvvat
Found no POS for lemma pásset
Found no POS for lemma pelikána
Found no POS for lemma penis
Found no POS for lemma penisilliidna
Found no POS for lemma persilljá
Found no POS for lemma personifikašuvdna
Found no POS for lemma piksel
Found no POS for lemma planeahtta
Found no POS for lemma plantáša
Found no POS for lemma plus
Found no POS for lemma poastadoimmahat
no corresponding mg for []
Found no POS for lemma /em>postilaatikko
Found no POS for lemma podcastata
Found no POS for lemma poesia
Found no POS for lemma polká
Found no POS for lemma ponni
Found no POS for lemma populariteahtta
Found no POS for lemma popularitehta
Found no POS for lemma potreahtta
Found no POS for lemma práhtet
Found no POS for lemma praatata
Found no POS for lemma prenten-
Found no POS for lemma profeittá
Found no POS for lemma professuvra
Found no POS for lemma profiili
Found no POS for lemma profiila
Found no POS for lemma projektiila
Found no POS for lemma promilli
Found no POS for lemma prosešuvdna
Found no POS for lemma prospeakta
Found no POS for lemma psykiatrista
Found no POS for lemma publihkka
Found no POS for lemma publisiteahtta
Found no POS for lemma publisitehta
Found no POS for lemma pudder
Found no POS for lemma punša
Found no POS for lemma raddeeana
Found no POS for lemma rađus
Found no POS for lemma kiimoa
Found no POS for lemma kiimiä
Found no POS for lemma astumaksi
Found no POS for lemma astumaan
Found no POS for lemma parittelua
Found no POS for lemma rykimistä
Found no POS for lemma rykimä
Found no POS for lemma kiimiä
Found no POS for lemma kiimoa
Found no POS for lemma rahkadis/rahkkes
Found no POS for lemma kiimomaan
Found no POS for lemma rykimään
Found no POS for lemma kiimivä
Found no POS for lemma kiimova
Found no POS for lemma rahpa
Found no POS for lemma avajaiset
Found no POS for lemma rahppái
Found no POS for lemma rahppás
Found no POS for lemma rahttái
Found no POS for lemma rahttás
Found no POS for lemma lehdenriipomatuuli
Found no POS for lemma rötkäyttää
Found no POS for lemma rötkötellä
Found no POS for lemma pötkötellä
Found no POS for lemma rötkähtää
Found no POS for lemma raŋge-
Found no POS for lemma poikkipato
Found no POS for lemma poikkipiirto
Found no POS for lemma heikkona
Found no POS for lemma arkaluontoisuus
Found no POS for lemma rationálalaš
Found no POS for lemma risut
Found no POS for lemma varvut
Found no POS for lemma risut
Found no POS for lemma varvut
Found no POS for lemma tie
Found no POS for lemma koristenauhalla
Found no POS for lemma reunaton
Found no POS for lemma vähäreunainen
Found no POS for lemma reunaton
Found no POS for lemma vähäreunainen
Found no POS for lemma reunempi
Found no POS for lemma kellistymään
Found no POS for lemma erkaannuttaa
Found no POS for lemma ravggahas
Found no POS for lemma tempojaporo
Found no POS for lemma rábma
Found no POS for lemma isokourainen
Found no POS for lemma isokämmeninen
Found no POS for lemma isokourainen
Found no POS for lemma isokämmeninen
Found no POS for lemma kehystyttää
Found no POS for lemma 
Found no POS for lemma 
Found no POS for lemma 
Found no POS for lemma 
Found no POS for lemma raajarikoksi
Found no POS for lemma rádjerihkot
Found no POS for lemma rannio
Found no POS for lemma omistella
Found no POS for lemma 
Found no POS for lemma haltu
Found no POS for lemma ráffi
Found no POS for lemma ráffi
Found no POS for lemma rauhallisin
Found no POS for lemma rauhanneuvottelut
Found no POS for lemma rauhallisempi
Found no POS for lemma rauhanturvajoukot
Found no POS for lemma 
Found no POS for lemma ronkkua
Found no POS for lemma kaarilla
Found no POS for lemma kaarittaa
Found no POS for lemma tiukemmaksi
Found no POS for lemma tykkäillä
Found no POS for lemma ráhkkásaččat
Found no POS for lemma kultaseni!
Found no POS for lemma rakkaani!
Found no POS for lemma runsasrakoinen
Found no POS for lemma runsasrakoinen
Found no POS for lemma junttura
Found no POS for lemma ráhpadaš
Found no POS for lemma reilunlainen
Found no POS for lemma ráhpadis/ráhpa
Found no POS for lemma vaikeakulkuisena
Found no POS for lemma jyrkänteinen
Found no POS for lemma jyrkänteinen
Found no POS for lemma ráhppás
Found no POS for lemma jyrkänteinen
Found no POS for lemma 
Found no POS for lemma ráhttudit
Found no POS for lemma tikapuut
Found no POS for lemma raitioida
Found no POS for lemma saattueajo
Found no POS for lemma reiitin
Found no POS for lemma reikiä
Found no POS for lemma reiittää
Found no POS for lemma ráigánastit
Found no POS for lemma ráige-
Found no POS for lemma reiästä
Found no POS for lemma ráigesuohkut
Found no POS for lemma rikkinäiset
Found no POS for lemma sukkarisat
Found no POS for lemma reiitin
Found no POS for lemma 
Found no POS for lemma ráiko-
Found no POS for lemma ráikkáskit
Found no POS for lemma ráikudit
Found no POS for lemma riekaleiseksi
Found no POS for lemma ráisko-
Found no POS for lemma repaleisena
Found no POS for lemma resuaja
Found no POS for lemma ráiskui
Found no POS for lemma ráju
Found no POS for lemma ráiskos
Found no POS for lemma ráju
Found no POS for lemma ráivva
Found no POS for lemma 
Found no POS for lemma 
Found no POS for lemma 
Found no POS for lemma rankinen
Found no POS for lemma tiukkana
Found no POS for lemma kaares
Found no POS for lemma ráksái
Found no POS for lemma ráksás
Found no POS for lemma ráktet
Found no POS for lemma rállár
Found no POS for lemma rallattaja
Found no POS for lemma rálledit
Found no POS for lemma rállet
Found no POS for lemma 
Found no POS for lemma kehystyttää
Found no POS for lemma 
Found no POS for lemma 
Found no POS for lemma rámske-
Found no POS for lemma resuiseksi
Found no POS for lemma rámso-
Found no POS for lemma rámške-
Found no POS for lemma resuissa
Found no POS for lemma retalehtia
Found no POS for lemma siivistä
Found no POS for lemma käsiä
Found no POS for lemma siipiä
Found no POS for lemma 
Found no POS for lemma vaikeakulkuiseksi
Found no POS for lemma rosoiseksi
Found no POS for lemma rámšo-
Found no POS for lemma raanakka
Found no POS for lemma hontelona
Found no POS for lemma honteloksi
Found no POS for lemma ránče-
Found no POS for lemma pitkäsääri
Found no POS for lemma raanakka
Found no POS for lemma ránne
Found no POS for lemma /em>naapuritalo
Found no POS for lemma kránjá
Found no POS for lemma /em>naapuritalo
Found no POS for lemma naapurukset
Found no POS for lemma naapurukset
Found no POS for lemma rantikka
Found no POS for lemma rantikka
Found no POS for lemma ranttu
Found no POS for lemma ranttu
Found no POS for lemma ranttu
Found no POS for lemma ranttu
Found no POS for lemma ranttu
Found no POS for lemma toruja
Found no POS for lemma voipuneisuus
Found no POS for lemma räppääjä
Found no POS for lemma kukaton
Found no POS for lemma vähäkukkainen
Found no POS for lemma vähäruohoinen
Found no POS for lemma kukaton
Found no POS for lemma vähäkukkainen
Found no POS for lemma vähäruohoinen
Found no POS for lemma rásehus
Found no POS for lemma ruohottomaksi
Found no POS for lemma ruohoa
Found no POS for lemma väinönputkia
Found no POS for lemma runsasruohoinen
Found no POS for lemma runsasruohoinen
Found no POS for lemma rikkatatar
Found no POS for lemma pensasirkkalintu
Found no POS for lemma rášen
Found no POS for lemma somerikkoinen
Found no POS for lemma ráššui
Found no POS for lemma rankkasateinen
Found no POS for lemma ráššos
Found no POS for lemma rankkasateinen
Found no POS for lemma karsintaottelut
Found no POS for lemma karsintakilpailut
Found no POS for lemma erottelutyö
Found no POS for lemma rátkkohat
Found no POS for lemma oja
Found no POS for lemma rávddes
Found no POS for lemma seppänä
Found no POS for lemma virtava
Found no POS for lemma virtava
Found no POS for lemma striimata
Found no POS for lemma rávvejaččat
Found no POS for lemma hautajaiset
Found no POS for lemma rautsa
Found no POS for lemma punoittamaan
Found no POS for lemma vihlaus
Found no POS for lemma vihlonta
Found no POS for lemma reahcce-
Found no POS for lemma reahkka
Found no POS for lemma järjestykseen
Found no POS for lemma järjestyksessä
Found no POS for lemma valmiiksi
Found no POS for lemma valmiina
Found no POS for lemma käteisellä
Found no POS for lemma valmiina
Found no POS for lemma valmiudessa
Found no POS for lemma reakkádit
Found no POS for lemma reaktionára
Found no POS for lemma realse-
Found no POS for lemma hajasarvinen
Found no POS for lemma reanze-
Found no POS for lemma hajasarvinen
Found no POS for lemma renkeineen
Found no POS for lemma reeska
Found no POS for lemma reatka-
Found no POS for lemma rääpyskä
Found no POS for lemma reavre-
Found no POS for lemma reavže-
Found no POS for lemma reálalaš
Found no POS for lemma redjohas
Found no POS for lemma refleksiiva-
Found no POS for lemma refleksiivi-
Found no POS for lemma refleksiivvalaš
Found no POS for lemma rekursiivi
Found no POS for lemma relihkka
Found no POS for lemma renesanssi
Found no POS for lemma renoliinná
Found no POS for lemma renkinä
Found no POS for lemma renkinä
Found no POS for lemma renkku
Found no POS for lemma repertuára
Found no POS for lemma repertuaari
Found no POS for lemma repriisa
Found no POS for lemma republikána
Found no POS for lemma researva
Found no POS for lemma researvaruđat
Found no POS for lemma restriktiivvalaš
Found no POS for lemma restriktiivinen
Found no POS for lemma rešissöra
Found no POS for lemma rešttodit
Found no POS for lemma risuttaa
Found no POS for lemma katajanoksilla
Found no POS for lemma reumatihkkár
Found no POS for lemma 
Found no POS for lemma revolutionára
Found no POS for lemma rehto
Found no POS for lemma 
Found no POS for lemma 
Found no POS for lemma 
Found no POS for lemma riđđui
Found no POS for lemma riđđos
Found no POS for lemma hoppuinen
Found no POS for lemma hoppuinen
Found no POS for lemma "ketunkoipi"
Found no POS for lemma "ketunnuoli"
Found no POS for lemma riebanruovddit
Found no POS for lemma ketunraudat
Found no POS for lemma kovääninen
Found no POS for lemma riegádaneana
Found no POS for lemma riehkkái
Found no POS for lemma riehkkás
Found no POS for lemma riehkku
Found no POS for lemma meiskata
Found no POS for lemma rengaspää
Found no POS for lemma riektadis/riktes
Found no POS for lemma rivttes/rievttes
Found no POS for lemma oikeampi
Found no POS for lemma oikeellisempi
Found no POS for lemma oikeampi
Found no POS for lemma oikeellisempi
Found no POS for lemma oikeellisin
Found no POS for lemma riepmat
Found no POS for lemma riepmat
Found no POS for lemma puolisokseen
Found no POS for lemma riepmodolat
Found no POS for lemma riepmu
Found no POS for lemma riesaraski
Found no POS for lemma riessannáhkkessoadji
Found no POS for lemma ripsuttaa
Found no POS for lemma ripsuttaa
Found no POS for lemma ripsuttaa
Found no POS for lemma 
Found no POS for lemma rietnjut
Found no POS for lemma 
Found no POS for lemma rievddagit
Found no POS for lemma rievdu
Found no POS for lemma kulvakko
Found no POS for lemma rievssat/heapme
Found no POS for lemma vähäriekkoinen
Found no POS for lemma vähäriekkoinen
Found no POS for lemma oikeellisin
Found no POS for lemma oikeimmin
Found no POS for lemma oikeana
Found no POS for lemma oikeellisena
Found no POS for lemma oikeampi
Found no POS for lemma oikeellisempi
Found no POS for lemma mellastaja
Found no POS for lemma mekastaja
Found no POS for lemma rähinöijä
Found no POS for lemma hahlakoukku
Found no POS for lemma hahlaketju
Found no POS for lemma hahlat
Found no POS for lemma nakuna
Found no POS for lemma rihco-
Found no POS for lemma rihcu-
Found no POS for lemma kitkerältä
Found no POS for lemma kirpeältä
Found no POS for lemma uurteisvalaat
Found no POS for lemma rihppa
Found no POS for lemma nakkautua
Found no POS for lemma nakkautua
Found no POS for lemma rihppeloddi
Found no POS for lemma lihata
Found no POS for lemma riidái
Found no POS for lemma riidás
Found no POS for lemma riidensálat
Found no POS for lemma käyttämästä
Found no POS for lemma riitelynhaluinen
Found no POS for lemma riitelynhaluinen
Found no POS for lemma riigáluvvat
Found no POS for lemma riiguluvvat
Found no POS for lemma maa
Found no POS for lemma riikkabeai-
Found no POS for lemma riikkabeaivvit
Found no POS for lemma riikkabeaivvit
Found no POS for lemma valtiopäivät
Found no POS for lemma riikkabeakkán
Found no POS for lemma kansalliskieli
Found no POS for lemma riikkasfárrejeaddji
Found no POS for lemma valtakunnanlaajuinen
Found no POS for lemma kosketusherkkä
Found no POS for lemma kosketusherkkä
Found no POS for lemma riivet
Found no POS for lemma riivva
Found no POS for lemma riive
Found no POS for lemma kottikärryt
Found no POS for lemma kottikärryt
Found no POS for lemma repaleiseksi
Found no POS for lemma rimse-
Found no POS for lemma repaleissa
Found no POS for lemma resuisena
Found no POS for lemma repaleissa
Found no POS for lemma resuisena
Found no POS for lemma rimške-
Found no POS for lemma rinče-
Found no POS for lemma ranče-
Found no POS for lemma puolialastomana
Found no POS for lemma puolialastomana
Found no POS for lemma rinze-
Found no POS for lemma riŋgal
Found no POS for lemma riŋgedaddat
Found no POS for lemma riŋgi
Found no POS for lemma resla
Found no POS for lemma resla
Found no POS for lemma reslareki
Found no POS for lemma risuttaa
Found no POS for lemma risteeadni
Found no POS for lemma ristejaččat
Found no POS for lemma ristiäiset
Found no POS for lemma ristetnešguovttos
Found no POS for lemma kummivanhemmat
Found no POS for lemma kummit
Found no POS for lemma kummivanhemmat
Found no POS for lemma kummit
Found no POS for lemma pirskotella
Found no POS for lemma riššagoike-
Found no POS for lemma riššos
Found no POS for lemma tykkyyntyä
Found no POS for lemma rannempi
Found no POS for lemma rivccidit
Found no POS for lemma rivgonjattas
Found no POS for lemma "riuku"
Found no POS for lemma "riuku"
Found no POS for lemma "riuku"
Found no POS for lemma rivihisboahkut
Found no POS for lemma rivttot
Found no POS for lemma rivttogis
Found no POS for lemma rivze-
Found no POS for lemma rizas
Found no POS for lemma reeska
Found no POS for lemma roaffat
Found no POS for lemma roaffadis/roffes
Found no POS for lemma mörö
Found no POS for lemma mörri
Found no POS for lemma roaggit
Found no POS for lemma koristelunhaluinen
Found no POS for lemma vaatimesta
Found no POS for lemma lähentelijä
Found no POS for lemma roahcuvuohta
Found no POS for lemma ropsua
Found no POS for lemma koukulla
Found no POS for lemma rohki
Found no POS for lemma epäilyksettä
Found no POS for lemma tarttuilla
Found no POS for lemma roahkkadis/rohkkes
Found no POS for lemma koukkailla
Found no POS for lemma roahkkái
Found no POS for lemma roahkkás
Found no POS for lemma roahkkaruossa
Found no POS for lemma roahtus
Found no POS for lemma rähjäisenä
Found no POS for lemma raihnastua
Found no POS for lemma mutristua
Found no POS for lemma roaibe-
Found no POS for lemma roaiskko-
Found no POS for lemma kolhuinen
Found no POS for lemma kolhuinen
Found no POS for lemma lommottaa
Found no POS for lemma roikalemainen
Found no POS for lemma roamse-
Found no POS for lemma roikalemainen
Found no POS for lemma roamše-
Found no POS for lemma kurttuun
Found no POS for lemma kurtussa
Found no POS for lemma rosolla
Found no POS for lemma rosolle
Found no POS for lemma roamuštit
Found no POS for lemma tuhrustaa
Found no POS for lemma roance-
Found no POS for lemma koukeroisena
Found no POS for lemma koukeroiseksi
Found no POS for lemma kiemurassa
Found no POS for lemma kiemuralla
Found no POS for lemma koukerossa
Found no POS for lemma koukerolla
Found no POS for lemma kiemurassa
Found no POS for lemma kiemuralla
Found no POS for lemma koukerossa
Found no POS for lemma koukerolla
Found no POS for lemma ruipeloksi
Found no POS for lemma ruipeloinen
Found no POS for lemma roanžo-
Found no POS for lemma ruipeloinen
Found no POS for lemma töräytellä
Found no POS for lemma käkkyräinen
Found no POS for lemma kampurainen
Found no POS for lemma roaŋke-
Found no POS for lemma käkkyräinen
Found no POS for lemma kampurainen
Found no POS for lemma käkkyrässä
Found no POS for lemma käkkyräiseksi
Found no POS for lemma roapmut
Found no POS for lemma 
Found no POS for lemma köpöttää
Found no POS for lemma ropistaa
Found no POS for lemma rätistää
Found no POS for lemma ratistaa
Found no POS for lemma ratisuttaa
Found no POS for lemma läjäytellä
Found no POS for lemma ruisjauhot
Found no POS for lemma karheanurmikka
Found no POS for lemma roavččihit
Found no POS for lemma lommolla
Found no POS for lemma lommolle
Found no POS for lemma kolhuilla
Found no POS for lemma rouko
Found no POS for lemma vällyt
Found no POS for lemma komolla
Found no POS for lemma punkeroinen
Found no POS for lemma roavdnje-
Found no POS for lemma punkeroinen
Found no POS for lemma punkeroisena
Found no POS for lemma ontumavika
Found no POS for lemma rova
Found no POS for lemma robaguššat
Found no POS for lemma rumana
Found no POS for lemma jylikkikeli
Found no POS for lemma vähälumisuus
Found no POS for lemma roddii
Found no POS for lemma roddes
Found no POS for lemma raihnastumaan
Found no POS for lemma rogat
Found no POS for lemma ruisjauhot
Found no POS for lemma rohčadis/rohččes
Found no POS for lemma purahuttaa
Found no POS for lemma rohkadat
Found no POS for lemma ruisjauhot
Found no POS for lemma -rohkáš
Found no POS for lemma -rohkki
Found no POS for lemma rohkil
Found no POS for lemma rohkohis
Found no POS for lemma rohpadit
Found no POS for lemma siperiansinivalvatti
Found no POS for lemma roiggá
Found no POS for lemma piiskaamaksi
Found no POS for lemma roiskkon
Found no POS for lemma rogge-
Found no POS for lemma kuopalla
Found no POS for lemma kuopalle
Found no POS for lemma osa
Found no POS for lemma romálaš
Found no POS for lemma roŋgut
Found no POS for lemma koukistella
Found no POS for lemma runona
Found no POS for lemma rovda
Found no POS for lemma rovkui
Found no POS for lemma rovkos
Found no POS for lemma rovvat
Found no POS for lemma pitkospuut
Found no POS for lemma rubba
Found no POS for lemma kontta
Found no POS for lemma ruzze-
Found no POS for lemma tihrusilmäiseksi
Found no POS for lemma rähmäsilmäinen
Found no POS for lemma ružžo-
Found no POS for lemma rähmäsilmäinen
Found no POS for lemma törkyiseksi
Found no POS for lemma törkyiseksi
Found no POS for lemma inua
Found no POS for lemma juomusavanto
Found no POS for lemma rahaa
Found no POS for lemma rahoittua
Found no POS for lemma rugat
Found no POS for lemma kahvinporot
Found no POS for lemma ruisjauhot
Found no POS for lemma ruggii
Found no POS for lemma rugges
Found no POS for lemma rahakiisa
Found no POS for lemma ruhtarikkes
Found no POS for lemma rähjäisenä
Found no POS for lemma rähjäiseksi
Found no POS for lemma raihnastua
Found no POS for lemma mutristua
Found no POS for lemma ruibe-
Found no POS for lemma patakiisa
Found no POS for lemma ruivái
Found no POS for lemma ruivás
Found no POS for lemma ruividit
Found no POS for lemma ruive-
Found no POS for lemma samenemaan
Found no POS for lemma sameutumaan
Found no POS for lemma rukkat
Found no POS for lemma kahvinporot
Found no POS for lemma ruksesboahkut
Found no POS for lemma rullatráhpat
Found no POS for lemma liukuportaat
Found no POS for lemma rumašmuolddut
Found no POS for lemma kalmanmullat
Found no POS for lemma ruumiinmullat
Found no POS for lemma rumiinosa
Found no POS for lemma rumšo-
Found no POS for lemma runne
Found no POS for lemma ronkkuvainen
Found no POS for lemma ruŋkegáranas
Found no POS for lemma ronkkua
Found no POS for lemma ronkkua
Found no POS for lemma ruŋke-
Found no POS for lemma ronkkua
Found no POS for lemma vähävetinen
Found no POS for lemma vähävetinen
Found no POS for lemma ruobbegoike-
Found no POS for lemma rosojää
Found no POS for lemma rupeentua
Found no POS for lemma leikkaavahankinen
Found no POS for lemma leikkaavahankinen
Found no POS for lemma rugŋii
Found no POS for lemma leikkaavahankinen
Found no POS for lemma rugŋes
Found no POS for lemma leikkaavahankinen
Found no POS for lemma raapimaksi
Found no POS for lemma laukkajälki
Found no POS for lemma ruohttabeaivvit
Found no POS for lemma joulunaluspäivät
Found no POS for lemma karstoitua
Found no POS for lemma ruoivát
Found no POS for lemma rohtimet
Found no POS for lemma ruojus
Found no POS for lemma ruoju
Found no POS for lemma ruojáskit
Found no POS for lemma kolkoksi
Found no POS for lemma kolkoksi
Found no POS for lemma vähälumisuus
Found no POS for lemma jylikkikeli
Found no POS for lemma ruokŋaluvvat
Found no POS for lemma suuriutareinen
Found no POS for lemma suuriutareinen
Found no POS for lemma ruomuštit
Found no POS for lemma ruoma
Found no POS for lemma ruobbe-
Found no POS for lemma ruosádit
Found no POS for lemma ruossadávttit
Found no POS for lemma lannenikamat
Found no POS for lemma ristiriidassa
Found no POS for lemma ristiriidassa
Found no POS for lemma ruossaruovddit
Found no POS for lemma ruossasánit
Found no POS for lemma ruossus
Found no POS for lemma ruoškkáhallat
Found no POS for lemma risautella
Found no POS for lemma ruotnat
Found no POS for lemma ruoŧastit
Found no POS for lemma ruovdái
Found no POS for lemma ruovdás
Found no POS for lemma reunaton
Found no POS for lemma partaaton
Found no POS for lemma matalalaitainen
Found no POS for lemma reunaton
Found no POS for lemma partaaton
Found no POS for lemma matalalaitainen
Found no POS for lemma ruovdesuttus
Found no POS for lemma 
Found no POS for lemma rouunta
Found no POS for lemma röhkintä
Found no POS for lemma roukaista
Found no POS for lemma kurnauttaa
Found no POS for lemma ruovtto-
Found no POS for lemma ruovttohas
Found no POS for lemma ruovttueana
Found no POS for lemma ruovvá
Found no POS for lemma apu
Found no POS for lemma ruožaidit
Found no POS for lemma pahus!
Found no POS for lemma hitto!
Found no POS for lemma rupmašfámut
Found no POS for lemma ruumiinvoimat
Found no POS for lemma ruppaskit
Found no POS for lemma rupeentua
Found no POS for lemma ruseahtta
Found no POS for lemma ruskagálvvut
Found no POS for lemma spämmi
Found no POS for lemma ruskaruovddit
Found no POS for lemma roskista
Found no POS for lemma ruska-
Found no POS for lemma roskista
Found no POS for lemma pärskintä
Found no POS for lemma rusttastit
Found no POS for lemma rušmmastuvvat
Found no POS for lemma näppylöitä
Found no POS for lemma hutiloiden
Found no POS for lemma ruššos
Found no POS for lemma ruššái
Found no POS for lemma ruššás
Found no POS for lemma tuhruiseksi
Found no POS for lemma rudde-
Found no POS for lemma -ruvdnosaš
Found no POS for lemma -kruunuinen
Found no POS for lemma -ruvdnasaš
Found no POS for lemma -kruunuinen
Found no POS for lemma jonossa
Found no POS for lemma jonoon
Found no POS for lemma jonossa
Found no POS for lemma jonoon
Found no POS for lemma ruvso
Found no POS for lemma ruvttogas
Found no POS for lemma ruvži
Found no POS for lemma harjalla
Found no POS for lemma ruvže-
Found no POS for lemma tihrusilmäisenä
Found no POS for lemma röika
Found no POS for lemma röntgengovva
Found no POS for lemma ehtymään
Found no POS for lemma sijalleen
Found no POS for lemma sijais-
Found no POS for lemma osa
Found no POS for lemma 
Found no POS for lemma puuskuttamaan
Found no POS for lemma sagŋet
Found no POS for lemma sahanpurut
Found no POS for lemma höyläämätön
Found no POS for lemma eläimen
Found no POS for lemma sahte-
Found no POS for lemma sahtis
Found no POS for lemma haaleahko
Found no POS for lemma haaleahko
Found no POS for lemma kähisyttää
Found no POS for lemma sajálmahttit
Found no POS for lemma rauhattomaksi
Found no POS for lemma ahtaaksi
Found no POS for lemma tilalla
Found no POS for lemma sijallaan
Found no POS for lemma oleellisesti
Found no POS for lemma kovemmin
Found no POS for lemma kovimmin
Found no POS for lemma saláhkka
Found no POS for lemma salgadit
Found no POS for lemma astioista
Found no POS for lemma astioista
Found no POS for lemma astioita
Found no POS for lemma astioista
Found no POS for lemma rytkäyttää
Found no POS for lemma rytkähdellä
Found no POS for lemma rytkähdellä
Found no POS for lemma pomputtaa
Found no POS for lemma sylissä
Found no POS for lemma sylinen
Found no POS for lemma pitkäsylinen
Found no POS for lemma pitkäsylinen
Found no POS for lemma pitkäsylinen
Found no POS for lemma pitkäsylinen
Found no POS for lemma halkoja
Found no POS for lemma syleilemään
Found no POS for lemma samárialaš
Found no POS for lemma saniteettitilat
Found no POS for lemma saniteettitilat
Found no POS for lemma sarat
Found no POS for lemma sarte-
Found no POS for lemma tahraannuttaa
Found no POS for lemma nytkytellä
Found no POS for lemma nytkytellä
Found no POS for lemma sattastit
Found no POS for lemma savánna
Found no POS for lemma puistaltaa
Found no POS for lemma sáddedaddat
Found no POS for lemma lähetyttää
Found no POS for lemma sáttodit
Found no POS for lemma runsasleikkoinen
Found no POS for lemma runsasleikkoinen
Found no POS for lemma saaloa
Found no POS for lemma ruumeninen
Found no POS for lemma sáđđos
Found no POS for lemma ruumeninen
Found no POS for lemma puheenaihetta
Found no POS for lemma ságaškuššat
Found no POS for lemma sáhčašit
Found no POS for lemma keskustelussa
Found no POS for lemma keskusteluun
Found no POS for lemma sáhkadis/sáhkkes
Found no POS for lemma sáhkár
Found no POS for lemma sáhkkiiguššat
Found no POS for lemma mehuton
Found no POS for lemma mehuton
Found no POS for lemma sáhpelat
Found no POS for lemma sapilaat
Found no POS for lemma paarit
Found no POS for lemma sapilaat
Found no POS for lemma paarit
Found no POS for lemma sáhppadas
Found no POS for lemma sáhppái
Found no POS for lemma sáhppás
Found no POS for lemma saappaat
Found no POS for lemma kyyditellä
Found no POS for lemma sáhtteš
Found no POS for lemma sáhttes
Found no POS for lemma 
Found no POS for lemma 
Found no POS for lemma 
Found no POS for lemma 
Found no POS for lemma ajo
Found no POS for lemma sei
Found no POS for lemma sáigo-
Found no POS for lemma verkostelija
Found no POS for lemma sáiral
Found no POS for lemma keihästellä
Found no POS for lemma saivo
Found no POS for lemma sáivalit
Found no POS for lemma sáivái
Found no POS for lemma sáivás
Found no POS for lemma sáivil
Found no POS for lemma ságge-
Found no POS for lemma puikkomaisena
Found no POS for lemma sákkohit
Found no POS for lemma ura
Found no POS for lemma salkkari
Found no POS for lemma salkkuri
Found no POS for lemma salkkuri
Found no POS for lemma sáltisis
Found no POS for lemma sálte-
Found no POS for lemma sálttosšattut
Found no POS for lemma suolakekasvit
Found no POS for lemma suolaannuttaa
Found no POS for lemma ote
Found no POS for lemma syy
Found no POS for lemma saamelaistua
Found no POS for lemma saameksi
Found no POS for lemma saamelaisvaatteet
Found no POS for lemma saamelaiskäräjät
Found no POS for lemma sámeleana
Found no POS for lemma sámesteaikka
Found no POS for lemma saamelaisperäinen
Found no POS for lemma saamelaistaustainen
Found no POS for lemma sámilduvvat
Found no POS for lemma sámilgeardi
Found no POS for lemma nokkelasanainen
Found no POS for lemma teoton
Found no POS for lemma vähäleikkoinen
Found no POS for lemma vähätekoinen
Found no POS for lemma teoton
Found no POS for lemma vähäleikkoinen
Found no POS for lemma vähätekoinen
Found no POS for lemma sáno-
Found no POS for lemma sáppet
Found no POS for lemma piirrältää
Found no POS for lemma pistel
Found no POS for lemma pistel
Found no POS for lemma pistel
Found no POS for lemma naarmutella
Found no POS for lemma /em>vihloa
Found no POS for lemma -sárggot
Found no POS for lemma -piikkinen
Found no POS for lemma piirrältää
Found no POS for lemma 
Found no POS for lemma puhuttelemaksi
Found no POS for lemma sásažan!
Found no POS for lemma sukulaiseni!
Found no POS for lemma sátnedirbbot
Found no POS for lemma sátnedirbbogis
Found no POS for lemma sátnegeaffi
Found no POS for lemma sátnegeafes
Found no POS for lemma hiekkatuisku
Found no POS for lemma hiekkaryöppy
Found no POS for lemma sáttuhit
Found no POS for lemma hiekkahaude
Found no POS for lemma avoullakko
Found no POS for lemma hiekkaisena
Found no POS for lemma sáválaš
Found no POS for lemma saverikko
Found no POS for lemma saverikko
Found no POS for lemma sávkat
Found no POS for lemma sávkkaldat
Found no POS for lemma saulakka
Found no POS for lemma saumalla
Found no POS for lemma tiivislihainen
Found no POS for lemma tiivislihainen
Found no POS for lemma hyväkuntoiseksi
Found no POS for lemma somistella
Found no POS for lemma seađahus
Found no POS for lemma seka-
Found no POS for lemma /em>sekakuoro
Found no POS for lemma seahkanupmi
Found no POS for lemma seahkái
Found no POS for lemma seahkenađat
Found no POS for lemma seahkesogat
Found no POS for lemma koparakarva
Found no POS for lemma koipinahan
Found no POS for lemma seahppái
Found no POS for lemma seahppás
Found no POS for lemma seaibalit
Found no POS for lemma siula
Found no POS for lemma seinempää
Found no POS for lemma 
Found no POS for lemma seainnádat
Found no POS for lemma seainnebealde
Found no POS for lemma seainnebeale
no corresponding mg for []
Found no POS for lemma seainnimuš
Found no POS for lemma hentokorte
Found no POS for lemma hoikkanurmikka
Found no POS for lemma hentosätkin
Found no POS for lemma ohuena
Found no POS for lemma seakŋi
Found no POS for lemma seakŋimuohta
Found no POS for lemma seakŋat
Found no POS for lemma seakteruovddit
Found no POS for lemma syöttiraudat
Found no POS for lemma täkyjä
Found no POS for lemma lumeton
Found no POS for lemma lumettomuus
Found no POS for lemma lumettomuus
Found no POS for lemma sealbut
Found no POS for lemma rasvaiseksi
Found no POS for lemma voimakkaaksi
Found no POS for lemma suoriutumaton
Found no POS for lemma toimeen
Found no POS for lemma kurmupaarma
Found no POS for lemma selkäpuolella
Found no POS for lemma selkäpuolta
Found no POS for lemma selkäpuolelle
Found no POS for lemma sealggebealsárdnut
Found no POS for lemma sealggeduogáštit
Found no POS for lemma sealggil
Found no POS for lemma selkäpuolelta
Found no POS for lemma selempää
Found no POS for lemma lumettomuus
Found no POS for lemma 
Found no POS for lemma samanlevyinen
Found no POS for lemma seammaguvllot
Found no POS for lemma samanasuinen
Found no POS for lemma tarmokkaammaksi
Found no POS for lemma kyvyt
Found no POS for lemma voimat
Found no POS for lemma jomotus
Found no POS for lemma liityä
Found no POS for lemma kimpassa
Found no POS for lemma searvádit
Found no POS for lemma searvvádat
Found no POS for lemma 
Found no POS for lemma seastoruđat
Found no POS for lemma viihtymään
Found no POS for lemma eläimestä
Found no POS for lemma seava
Found no POS for lemma ele
Found no POS for lemma seavástat
Found no POS for lemma ele
Found no POS for lemma seavdnjadis/sevdnjes
Found no POS for lemma mustana
Found no POS for lemma seavnnjáhallat
Found no POS for lemma varjottaa
Found no POS for lemma 
Found no POS for lemma sebrá
Found no POS for lemma setolkka
Found no POS for lemma sehkkos
Found no POS for lemma sehpodat
Found no POS for lemma selegievdni
Found no POS for lemma seleskállu
Found no POS for lemma sellulosá
Found no POS for lemma selván
Found no POS for lemma sensationála
Found no POS for lemma -sentesaš
Found no POS for lemma -senttinen
Found no POS for lemma sentimentálalaš
Found no POS for lemma sepmošit
Found no POS for lemma serviehtta
Found no POS for lemma serviiša
Found no POS for lemma servodahttit
Found no POS for lemma porukointi
Found no POS for lemma syy
Found no POS for lemma pahansisuisuus
Found no POS for lemma pahansisuisuus
Found no POS for lemma pahansisuisuus
Found no POS for lemma sinni
Found no POS for lemma tahtomaton
Found no POS for lemma takkuturkkinen
Found no POS for lemma takkuturkkinen
Found no POS for lemma siđve-
Found no POS for lemma sieđgašattut
Found no POS for lemma pajukasvit
Found no POS for lemma pajukkoinen
Found no POS for lemma pajukkoinen
Found no POS for lemma siđgii
Found no POS for lemma pajukkoinen
Found no POS for lemma siđges
Found no POS for lemma pajukkoinen
Found no POS for lemma sieidái
Found no POS for lemma siedás
Found no POS for lemma sieidná
Found no POS for lemma sieivvut
Found no POS for lemma houkuttautua
Found no POS for lemma siepmanšattut
Found no POS for lemma siemenkasvit
Found no POS for lemma sierranammasaš
Found no POS for lemma erillistapaus
Found no POS for lemma erikoistumisopinnot
Found no POS for lemma koulutuksessa
Found no POS for lemma erillishakemus
Found no POS for lemma sierrasearvelaš
Found no POS for lemma erityisperusteinen
Found no POS for lemma täteineen
Found no POS for lemma siesážan!
Found no POS for lemma veljenlapsi
Found no POS for lemma siessáhkku
Found no POS for lemma sievá
Found no POS for lemma luuhohkaton
Found no POS for lemma luuhohkaton
Found no POS for lemma varmuudella
Found no POS for lemma pyyhiskellä
Found no POS for lemma siidadit
Found no POS for lemma siidaguimmežat
Found no POS for lemma naapurukset
Found no POS for lemma siidii
Found no POS for lemma siides
Found no POS for lemma porotokkineen
Found no POS for lemma 
Found no POS for lemma siidassa
Found no POS for lemma kyljikkäin
Found no POS for lemma -siidosaš
Found no POS for lemma -sivuinen
Found no POS for lemma /em>kyljellään
Found no POS for lemma siidui
Found no POS for lemma siidos
Found no POS for lemma hiljaisemmaksi
Found no POS for lemma kiltimmäksi
Found no POS for lemma hiljaisemmaksi
Found no POS for lemma kiltimmäksi
Found no POS for lemma siivommin
Found no POS for lemma kiltimmin
Found no POS for lemma siivommin
Found no POS for lemma kiltimmin
Found no POS for lemma siivoimmin
Found no POS for lemma kilteimmin
Found no POS for lemma siivoimmin
Found no POS for lemma kilteimmin
Found no POS for lemma rauhassa
Found no POS for lemma rauhassa
Found no POS for lemma sivtta
Found no POS for lemma ohuena
Found no POS for lemma silát
Found no POS for lemma silavaljaat
Found no POS for lemma silbaheajat
Found no POS for lemma hopeahäät
Found no POS for lemma silddáhus
Found no POS for lemma sildeijat
Found no POS for lemma silhguolli
Found no POS for lemma silkebadnjejaš
Found no POS for lemma silkelinis
Found no POS for lemma silkelitna
Found no POS for lemma seuloontua
Found no POS for lemma silledaddat
Found no POS for lemma seuloskella
Found no POS for lemma simmonvahkku
Found no POS for lemma simssas
Found no POS for lemma simssat
Found no POS for lemma simsu
Found no POS for lemma sirddehahtti
Found no POS for lemma siirtymään
Found no POS for lemma sirtut
Found no POS for lemma sisabeassan-
Found no POS for lemma sisbargu
Found no POS for lemma jomotus
Found no POS for lemma kuu
Found no POS for lemma sisbuvssat
Found no POS for lemma alushousut
Found no POS for lemma sisčáhči
Found no POS for lemma siseana
Found no POS for lemma sisgiehtadieigu
Found no POS for lemma sisdieigu
Found no POS for lemma sisgumme
Found no POS for lemma sisjávri
Found no POS for lemma siskkádus
Found no POS for lemma sisluodda
Found no POS for lemma sisoassi
Found no POS for lemma sisorgána
Found no POS for lemma sissadji
Found no POS for lemma 
Found no POS for lemma sistebuvssat
Found no POS for lemma sisnakka
Found no POS for lemma ote
Found no POS for lemma sitkatluvvat
Found no POS for lemma ruohostomaa
Found no POS for lemma sivahus
Found no POS for lemma sivddet
Found no POS for lemma kansalaisoikeudet
Found no POS for lemma kälyineen
Found no POS for lemma lankoineen
Found no POS for lemma siula
Found no POS for lemma siula
Found no POS for lemma syy
Found no POS for lemma huippelehtia
Found no POS for lemma huippia
Found no POS for lemma toikkaroilla
Found no POS for lemma kurahtaa
Found no POS for lemma kierossa
Found no POS for lemma ylväänä
Found no POS for lemma skaldui
Found no POS for lemma skaldos
Found no POS for lemma skarkkas
Found no POS for lemma viistäen
Found no POS for lemma hipoen
Found no POS for lemma hipaisten
Found no POS for lemma viistellä
Found no POS for lemma skáđistit
Found no POS for lemma runsaspihlajainen
Found no POS for lemma runsaspihlajainen
Found no POS for lemma skáhpposiepman-
Found no POS for lemma skáládat
Found no POS for lemma skálkaruššat
Found no POS for lemma kujeellisuus
Found no POS for lemma skálkii
Found no POS for lemma skálkes
Found no POS for lemma 
Found no POS for lemma skálvái
Found no POS for lemma kinoksekas
Found no POS for lemma nietoksekas
Found no POS for lemma skálvás
Found no POS for lemma kinoksekas
Found no POS for lemma nietoksekas
Found no POS for lemma kinoksinen
Found no POS for lemma nietoksinen
Found no POS for lemma skálve-
Found no POS for lemma kinoksinen
Found no POS for lemma nietoksinen
Found no POS for lemma skámaskas
Found no POS for lemma skámaskuddat
Found no POS for lemma hutja
Found no POS for lemma lehdettömäksi
Found no POS for lemma lehdettömäksi
Found no POS for lemma kepakkomainen
Found no POS for lemma skárba-
Found no POS for lemma kepakkomainen
Found no POS for lemma sakset
Found no POS for lemma keritsimet
Found no POS for lemma skárta-
Found no POS for lemma juppura
Found no POS for lemma skávžái
Found no POS for lemma skávžás
Found no POS for lemma -skávžžat
Found no POS for lemma -partainen
Found no POS for lemma kälmi
Found no POS for lemma skealččassmáhkka
Found no POS for lemma lahjaksi
Found no POS for lemma skearrostallat
Found no POS for lemma pyörää
Found no POS for lemma skeartnjas
Found no POS for lemma skeartnjistit
Found no POS for lemma hutjake
Found no POS for lemma horjuen
Found no POS for lemma skeavže-
Found no POS for lemma horjuen
Found no POS for lemma kälmätä
Found no POS for lemma skeŋkehus
Found no POS for lemma pyörää
Found no POS for lemma hahlat
Found no POS for lemma hahla
Found no POS for lemma skirddet
Found no POS for lemma hahlat
Found no POS for lemma hahla
Found no POS for lemma skidnáduvvat
Found no POS for lemma skidnáluvvat
Found no POS for lemma skieivut
Found no POS for lemma skielggádit
Found no POS for lemma karsastaen
Found no POS for lemma skieltoruovddit
Found no POS for lemma polkuraudat
Found no POS for lemma rehto
Found no POS for lemma rehto
Found no POS for lemma vaivaiskoivikko
Found no POS for lemma skierat
Found no POS for lemma sakset
Found no POS for lemma keritsimet
Found no POS for lemma kerkko
Found no POS for lemma skierpmat
Found no POS for lemma onnuttaa
Found no POS for lemma skierrat
Found no POS for lemma araksi
Found no POS for lemma skierrái
Found no POS for lemma skierrás
Found no POS for lemma skievvái
Found no POS for lemma skievvás
Found no POS for lemma hermoilija
Found no POS for lemma skihčče-
Found no POS for lemma törröttäjä
Found no POS for lemma törrössä
Found no POS for lemma kyydittäjä
Found no POS for lemma skihpáraččat
Found no POS for lemma kaverukset
Found no POS for lemma toverukset
Found no POS for lemma ystävykset
Found no POS for lemma skihpárvuohta
Found no POS for lemma sairaaksi
Found no POS for lemma skihtarvuohta
Found no POS for lemma skiđarvuohta
Found no POS for lemma huonoääninen
Found no POS for lemma kilisemätön
Found no POS for lemma huonoääninen
Found no POS for lemma kilisemätön
Found no POS for lemma skildošit
Found no POS for lemma skildui
Found no POS for lemma skildos
Found no POS for lemma skilggiidit
Found no POS for lemma kilkahduttaa
Found no POS for lemma huolekkuus
Found no POS for lemma pittamattomuus
Found no POS for lemma leväperäiseksi
Found no POS for lemma välinpitämättömäksi
Found no POS for lemma jekkua
Found no POS for lemma kilkahduttaa
Found no POS for lemma 
Found no POS for lemma skirasdolla
Found no POS for lemma skirre-
Found no POS for lemma ahkiosta
Found no POS for lemma väistely
Found no POS for lemma 
Found no POS for lemma skitnámuoddá
Found no POS for lemma kinnipeski
Found no POS for lemma skitsofreniija
Found no POS for lemma -mielessä
Found no POS for lemma raihnastuttaa
Found no POS for lemma raihnastua
Found no POS for lemma skivle-
Found no POS for lemma skivdnje-
Found no POS for lemma vidalla
Found no POS for lemma honteloksi
Found no POS for lemma heiveröiseksi
Found no POS for lemma skivže-
Found no POS for lemma skoahččil
Found no POS for lemma 
Found no POS for lemma kahistaa
Found no POS for lemma skoajálgaddat
Found no POS for lemma skoajálguddat
Found no POS for lemma kyömynenäisenä
Found no POS for lemma skoaldadit
Found no POS for lemma skoaldat
Found no POS for lemma kyömy-
Found no POS for lemma skoalbme-
Found no POS for lemma kyömy-
Found no POS for lemma skoaltá
Found no POS for lemma rahistaa
Found no POS for lemma skoaradat
Found no POS for lemma skoarre-
Found no POS for lemma skoaržalit
Found no POS for lemma skoaržut
Found no POS for lemma skoaržžuhančáhci
Found no POS for lemma skoaržžuhit
Found no POS for lemma onkaloinen
Found no POS for lemma skoavde-
Found no POS for lemma onkaloinen
Found no POS for lemma komolla
Found no POS for lemma onkalolla
Found no POS for lemma komo
Found no POS for lemma ontoksi
Found no POS for lemma skoavhlái
Found no POS for lemma skoavhlás
Found no POS for lemma vesirakkuloille
Found no POS for lemma skoavhle-
Found no POS for lemma vesirakkuloille
Found no POS for lemma skoavkkádat
Found no POS for lemma skoddet
Found no POS for lemma harppuunoida
Found no POS for lemma siestin
Found no POS for lemma jämät
Found no POS for lemma skoldehas
Found no POS for lemma jämät
Found no POS for lemma maljoja
Found no POS for lemma 
Found no POS for lemma kolautella
Found no POS for lemma niukkenemaan
Found no POS for lemma skolpe-
Found no POS for lemma vaatteesta
Found no POS for lemma huonolaatuiseksi
Found no POS for lemma raihnastua
Found no POS for lemma huonolaatuiseksi
Found no POS for lemma raihnastua
Found no POS for lemma vesirakkuloita
Found no POS for lemma skohčče-
Found no POS for lemma kihnauttaa
Found no POS for lemma skuhčasaddat
Found no POS for lemma vinona
Found no POS for lemma skuhčečiegat
Found no POS for lemma skuhčečiegat
Found no POS for lemma kierossa
Found no POS for lemma skuhmardit
Found no POS for lemma skuhppehallat
Found no POS for lemma hierrätellä
Found no POS for lemma kuorsailla
Found no POS for lemma kurahtaa
Found no POS for lemma törröhuulinen
Found no POS for lemma skuibe-
Found no POS for lemma törröhuulinen
Found no POS for lemma hölskäyttää
Found no POS for lemma hölskähtää
Found no POS for lemma hulautella
Found no POS for lemma hulista
Found no POS for lemma toruja
Found no POS for lemma skuldohus
Found no POS for lemma skumardit
Found no POS for lemma skunjáhallat
Found no POS for lemma jurottaja
Found no POS for lemma murjoke
Found no POS for lemma skuŋka-
Found no POS for lemma kuonoke
Found no POS for lemma raihnastua
Found no POS for lemma liinapääsuivakko
Found no POS for lemma skuortnistit
Found no POS for lemma nappaskenkä
Found no POS for lemma kopeloitsija
Found no POS for lemma tonkija
Found no POS for lemma skurčo-
Found no POS for lemma skurče-
Found no POS for lemma skurčui
Found no POS for lemma rotkoja
Found no POS for lemma kuiluja
Found no POS for lemma skurčos
Found no POS for lemma rotkoja
Found no POS for lemma kuiluja
Found no POS for lemma surkeana
Found no POS for lemma surkeana
Found no POS for lemma röhistää
Found no POS for lemma röhistely
Found no POS for lemma skurre-
Found no POS for lemma reiässä
Found no POS for lemma skurdnje-
Found no POS for lemma surkeana
Found no POS for lemma skurvváhis
Found no POS for lemma skuvlaeiseválddit
Found no POS for lemma kouluviranomaiset
Found no POS for lemma skuvlaváibasat
Found no POS for lemma koulutella
Found no POS for lemma skuvdnje-
Found no POS for lemma skuhče-
Found no POS for lemma kierossa
Found no POS for lemma sláva
Found no POS for lemma smadji
Found no POS for lemma smarbmedávttit
Found no POS for lemma smarras
Found no POS for lemma vaikeakulkuiseksi
Found no POS for lemma smarvái
Found no POS for lemma smarvás
Found no POS for lemma smarfái
Found no POS for lemma smarfás
Found no POS for lemma käherryttää
Found no POS for lemma kiharruttaa
Found no POS for lemma käherryttää
Found no POS for lemma kiharruttaa
Found no POS for lemma smarve-
Found no POS for lemma smarfe-
Found no POS for lemma kiharalla
Found no POS for lemma kiharalle
Found no POS for lemma kiharalla
Found no POS for lemma kiharalle
Found no POS for lemma miellyttävämmäksi
Found no POS for lemma fiksummaksi
Found no POS for lemma smáhkkui
Found no POS for lemma lastuinen
Found no POS for lemma smáhkkos
Found no POS for lemma lastuinen
Found no POS for lemma heikkona
Found no POS for lemma mitättömänä
Found no POS for lemma vähäpätöisenä
Found no POS for lemma vähäpätöisemmäksi
Found no POS for lemma smávástit
Found no POS for lemma smávilbuvttadeapmi
Found no POS for lemma smávilguolli
Found no POS for lemma pienempi
Found no POS for lemma vähenemään
Found no POS for lemma smealžu
Found no POS for lemma smirkeli
Found no POS for lemma rusahtelu
Found no POS for lemma smiehtadahkes
Found no POS for lemma mietittyttää
Found no POS for lemma smievrris
Found no POS for lemma talvitiestä
Found no POS for lemma smilče-
Found no POS for lemma talvitiestä
Found no POS for lemma vietteellä
Found no POS for lemma talvitiestä
Found no POS for lemma viltto
Found no POS for lemma talvitiellä
Found no POS for lemma talvitiestä
Found no POS for lemma smiret
Found no POS for lemma smiredeaddji
Found no POS for lemma smiredit
Found no POS for lemma mureana
Found no POS for lemma rapeana
Found no POS for lemma smoalddar
Found no POS for lemma kulmu
Found no POS for lemma smoalddit
Found no POS for lemma kulmut
Found no POS for lemma vantterana
Found no POS for lemma pyöreäselkäisenä
Found no POS for lemma pyöreäselkäinen
Found no POS for lemma smogge-
Found no POS for lemma pyöreäselkäinen
Found no POS for lemma smokkáskit
Found no POS for lemma smuhččásaddat
Found no POS for lemma smulko-
Found no POS for lemma teniä
Found no POS for lemma smurve-
Found no POS for lemma hankailla
Found no POS for lemma hinkkailla
Found no POS for lemma snahkkut
Found no POS for lemma snahpodit
Found no POS for lemma torkuskella
Found no POS for lemma torkuskella
Found no POS for lemma snahpput
Found no POS for lemma snarre-
Found no POS for lemma snáipár
Found no POS for lemma viistoleikkaus
Found no POS for lemma snárke-
Found no POS for lemma snávgadis/snávges
Found no POS for lemma lyhytkarvaisemmaksi
Found no POS for lemma sileä-
Found no POS for lemma tiu
Found no POS for lemma snealkkastit
Found no POS for lemma haukkailla
Found no POS for lemma näykkimäksi
Found no POS for lemma puraisemaksi
Found no POS for lemma snieles
Found no POS for lemma nuukailija
Found no POS for lemma nuukailija
Found no POS for lemma sniipasit
Found no POS for lemma pystynokkaiseksi
Found no POS for lemma pystynokkainen
Found no POS for lemma snirke-
Found no POS for lemma pystynokkainen
Found no POS for lemma pystynokkaisena
Found no POS for lemma nutustella
Found no POS for lemma nutustaa
Found no POS for lemma syöpäistä
Found no POS for lemma nutustaa
Found no POS for lemma syöpäistä
Found no POS for lemma kitsastuttaa
Found no POS for lemma snoahtut
Found no POS for lemma snoakkisis/snoagga
Found no POS for lemma snoallái
Found no POS for lemma snoallás
Found no POS for lemma snobba
Found no POS for lemma apeana
Found no POS for lemma snolke-
Found no POS for lemma kurenuohtta
Found no POS for lemma kureella
Found no POS for lemma kurtussa
Found no POS for lemma snorre-
Found no POS for lemma snorrasahttit
Found no POS for lemma kurttupää
Found no POS for lemma kurttupää
Found no POS for lemma snuđohas
Found no POS for lemma snuibbagit
Found no POS for lemma snuibbahit
Found no POS for lemma snuolgái
Found no POS for lemma snuolgás
Found no POS for lemma snulgii
Found no POS for lemma snulges
Found no POS for lemma snuordo-
Found no POS for lemma paltsapeski
Found no POS for lemma vetosolmussa
Found no POS for lemma kollossolmu
Found no POS for lemma snurtui
Found no POS for lemma snurtos
Found no POS for lemma snuvri
Found no POS for lemma sovinnossa
Found no POS for lemma sovitustyö
Found no POS for lemma 
Found no POS for lemma yhteensovittamaton
Found no POS for lemma soabbát
Found no POS for lemma soabbegeahčai
Found no POS for lemma pitkäsiipinen
Found no POS for lemma pitkäsiipinen
Found no POS for lemma soadjalámis
Found no POS for lemma soadjalámes
Found no POS for lemma 
Found no POS for lemma kosiosaattue
Found no POS for lemma kosiomatkalaiset
Found no POS for lemma kosio
Found no POS for lemma 
Found no POS for lemma soahtefámut
Found no POS for lemma sotavoimat
Found no POS for lemma sättimään
Found no POS for lemma soaiggas
Found no POS for lemma soaiggáhat
Found no POS for lemma kavahdella
Found no POS for lemma soimailla
Found no POS for lemma soimaamaksi
Found no POS for lemma sättimäksi
Found no POS for lemma soaittašit
Found no POS for lemma -soajat
Found no POS for lemma -siipinen
Found no POS for lemma -hihainen
Found no POS for lemma soajaheapme
Found no POS for lemma soajahis
Found no POS for lemma soalddáteiseválddit
Found no POS for lemma soaldnját
Found no POS for lemma soaldnát
Found no POS for lemma kovettumaan
Found no POS for lemma kuivettumaan
Found no POS for lemma soalnnjas
Found no POS for lemma soaldnje-
Found no POS for lemma soalnnas
Found no POS for lemma soaldne-
Found no POS for lemma soalse-
Found no POS for lemma soalvái
Found no POS for lemma isokitainen
Found no POS for lemma soalvás
Found no POS for lemma isokitainen
Found no POS for lemma soancár
Found no POS for lemma soancir
Found no POS for lemma sontakotti
Found no POS for lemma soardási
Found no POS for lemma sortamaksi
Found no POS for lemma soardu
Found no POS for lemma soarpái
Found no POS for lemma vaahdokas
Found no POS for lemma soarpás
Found no POS for lemma vaahdokas
Found no POS for lemma soarvái
Found no POS for lemma soarvás
Found no POS for lemma kelahonkia
Found no POS for lemma kelohongaton
Found no POS for lemma niukkakeloinen
Found no POS for lemma kelohongaton
Found no POS for lemma niukkakeloinen
Found no POS for lemma soatkašuvvat
Found no POS for lemma soatma
Found no POS for lemma soavlái
Found no POS for lemma lumisohjoinen
Found no POS for lemma soavlás
Found no POS for lemma lumisohjoinen
Found no POS for lemma šoavlái
Found no POS for lemma lumisohjoinen
Found no POS for lemma šoavlás
Found no POS for lemma lumisohjoinen
Found no POS for lemma oavllas
Found no POS for lemma lumisohjoinen
Found no POS for lemma soavle-
Found no POS for lemma lumisohjoinen
Found no POS for lemma lumisohjoinen
Found no POS for lemma šoavle-
Found no POS for lemma lumisohjoinen
Found no POS for lemma 
Found no POS for lemma riippaoksainen
Found no POS for lemma riippaoksainen
Found no POS for lemma resuiseksi
Found no POS for lemma sođđe-
Found no POS for lemma sohte-
Found no POS for lemma sođget
Found no POS for lemma /em>sohvapöytä
Found no POS for lemma /em>sohvapöytä
Found no POS for lemma latusvokaali
Found no POS for lemma 
Found no POS for lemma 
Found no POS for lemma kihlajaisia
Found no POS for lemma rae
Found no POS for lemma kaluuntua
Found no POS for lemma saurata
Found no POS for lemma pölisemään
Found no POS for lemma pöllyämään
Found no POS for lemma pölisemään
Found no POS for lemma pöllyämään
Found no POS for lemma soidnárastit
Found no POS for lemma 
Found no POS for lemma mutkalla
Found no POS for lemma taipeella
Found no POS for lemma kaarella
Found no POS for lemma mutkalla
Found no POS for lemma taipeella
Found no POS for lemma kaarella
Found no POS for lemma 
Found no POS for lemma sokkihas
Found no POS for lemma soktii
Found no POS for lemma soktes
Found no POS for lemma solata
Found no POS for lemma soldadit
Found no POS for lemma puhtaaksi
Found no POS for lemma soldat
Found no POS for lemma solddas
Found no POS for lemma solde-
Found no POS for lemma soldeeana
Found no POS for lemma anturalla
Found no POS for lemma anturalla
Found no POS for lemma solata
Found no POS for lemma solžái
Found no POS for lemma solžás
Found no POS for lemma -han
Found no POS for lemma -hän
Found no POS for lemma sonnagaš
Found no POS for lemma sorre-
Found no POS for lemma sorbmái
Found no POS for lemma sorbmás
Found no POS for lemma sorrái
Found no POS for lemma sorrás
Found no POS for lemma sosiálaeiseválddit
Found no POS for lemma roikuksissa
Found no POS for lemma roikuksiin
Found no POS for lemma 
Found no POS for lemma ravitsematon
Found no POS for lemma 
Found no POS for lemma ravitsematon
Found no POS for lemma spagát
Found no POS for lemma länkisääret
Found no POS for lemma spahka
Found no POS for lemma 
Found no POS for lemma 
Found no POS for lemma piippua
Found no POS for lemma sparggehit
Found no POS for lemma vartalonmukaiseksi
Found no POS for lemma spatnadis/spadnes
Found no POS for lemma spažoaivi
Found no POS for lemma spažuhis
Found no POS for lemma spáhtti
Found no POS for lemma spáhkkil
Found no POS for lemma spáhppal
Found no POS for lemma kalahtelu
Found no POS for lemma kulina
Found no POS for lemma kumahtelu
Found no POS for lemma spáigu
Found no POS for lemma kalahtelu
Found no POS for lemma kumahtelu
Found no POS for lemma lätke
Found no POS for lemma huiskimaksi
Found no POS for lemma viuhtomaksi
Found no POS for lemma opettamaton
Found no POS for lemma spálládat
Found no POS for lemma spállii
Found no POS for lemma spálles
Found no POS for lemma paltsa
Found no POS for lemma paltsa
Found no POS for lemma paltsapeski
Found no POS for lemma paltsapeski
Found no POS for lemma 
Found no POS for lemma 
Found no POS for lemma paljaaksi
Found no POS for lemma paljaaksi
Found no POS for lemma 
Found no POS for lemma 
Found no POS for lemma pääläri
Found no POS for lemma spánžát
Found no POS for lemma pöhettyä
Found no POS for lemma spánžžas
Found no POS for lemma paltuttaa
Found no POS for lemma palttua
Found no POS for lemma potkukelkkailla
Found no POS for lemma palttunut
Found no POS for lemma pingollaan
Found no POS for lemma pingolleen
Found no POS for lemma spásma
Found no POS for lemma läimäyttely
Found no POS for lemma lämäyttää
Found no POS for lemma speanttas
Found no POS for lemma specce
Found no POS for lemma spedisuvdna
Found no POS for lemma speidár
Found no POS for lemma spekulánta
Found no POS for lemma spiddestat
Found no POS for lemma spiegadit
Found no POS for lemma spiehčče-
Found no POS for lemma spigirfiellu
Found no POS for lemma spihkodahkes
Found no POS for lemma spiigu
Found no POS for lemma spiigudit
Found no POS for lemma spieldi
Found no POS for lemma langokset
Found no POS for lemma spinjádit
Found no POS for lemma kimahtaa
Found no POS for lemma spiŋggár
Found no POS for lemma spionáša
Found no POS for lemma spiral
Found no POS for lemma spitnjalahttit
Found no POS for lemma spizzalit
Found no POS for lemma naksutus
Found no POS for lemma napsutus
Found no POS for lemma bilkidit
Found no POS for lemma spoatnaluvvat
Found no POS for lemma spoava
Found no POS for lemma spubmát
Found no POS for lemma spuccehit
Found no POS for lemma spugget
Found no POS for lemma punkeromainen
Found no POS for lemma punkeromainen
Found no POS for lemma sreaŋggár
Found no POS for lemma streaŋggár
Found no POS for lemma stadiovdna
Found no POS for lemma malttamattomaksi
Found no POS for lemma malttamattomaksi
Found no POS for lemma alistumaan
Found no POS for lemma haaskaaja
Found no POS for lemma toipumaan
Found no POS for lemma standarisoida
Found no POS for lemma jämäköittää
Found no POS for lemma tukevoittaa
Found no POS for lemma stargadis/starges
Found no POS for lemma jämäköittää
Found no POS for lemma tukevoittaa
Found no POS for lemma statistihkket
Found no POS for lemma stavval
Found no POS for lemma -stábat
Found no POS for lemma -juovainen
Found no POS for lemma -raitainen
Found no POS for lemma sei
Found no POS for lemma kimpipuu
Found no POS for lemma stážžo-
Found no POS for lemma stáđđi
Found no POS for lemma stáđuhis
Found no POS for lemma kimmistä
Found no POS for lemma pystysarvi
Found no POS for lemma pystysarvi
Found no POS for lemma stáipe-
Found no POS for lemma sauvoskella
Found no POS for lemma vähäteräksinen
Found no POS for lemma vähäteräksinen
Found no POS for lemma stállái
Found no POS for lemma stállás
Found no POS for lemma stálogirjjat
Found no POS for lemma staalostella
Found no POS for lemma stálpái
Found no POS for lemma stálpás
Found no POS for lemma stámppas
Found no POS for lemma stámpput
Found no POS for lemma stámpu
Found no POS for lemma 
Found no POS for lemma rapaiseksi
Found no POS for lemma rapaiseksi
Found no POS for lemma stánže-
Found no POS for lemma 
Found no POS for lemma stávedaddat
Found no POS for lemma tavaamaan
Found no POS for lemma tavauttaa
Found no POS for lemma heinäsaura
Found no POS for lemma saura
Found no POS for lemma sauran
Found no POS for lemma saurata
Found no POS for lemma koikkelehta
Found no POS for lemma kuppelehtia
Found no POS for lemma lätkähtää
Found no POS for lemma lätkähtää
Found no POS for lemma steahppa
Found no POS for lemma aro
Found no POS for lemma steaikka
Found no POS for lemma pengermää
Found no POS for lemma lätykkä
Found no POS for lemma lötky
Found no POS for lemma lätykkä
Found no POS for lemma lötky
Found no POS for lemma steanže-
Found no POS for lemma steaŋga
Found no POS for lemma lätykkä
Found no POS for lemma lötky
Found no POS for lemma steaŋgi
Found no POS for lemma lätykkä
Found no POS for lemma lötky
Found no POS for lemma steaŋggas
Found no POS for lemma stearcát
Found no POS for lemma stearrat
Found no POS for lemma hutjake
Found no POS for lemma steavže-
Found no POS for lemma stigat
Found no POS for lemma kaatiot
Found no POS for lemma persamus
Found no POS for lemma stigát
Found no POS for lemma kaatiot
Found no POS for lemma persamus
Found no POS for lemma kaatiosäpäkkeet
Found no POS for lemma koipihousut
Found no POS for lemma kaatiosäpäkkeet
Found no POS for lemma koipihousut
Found no POS for lemma 
Found no POS for lemma stiila-
Found no POS for lemma stiiva-
Found no POS for lemma järjestystä
Found no POS for lemma mekastaja
Found no POS for lemma stoahkka
Found no POS for lemma hälyisä
Found no POS for lemma hälyisä
Found no POS for lemma stoaikkas
Found no POS for lemma mätkäytellä
Found no POS for lemma lämähtää
Found no POS for lemma maiskua
Found no POS for lemma maiskautusäänne
Found no POS for lemma stoavkkus
Found no POS for lemma stohkke-
Found no POS for lemma tukilla
Found no POS for lemma pökkelöityä
Found no POS for lemma stohkkái
Found no POS for lemma runsaspökkelöinen
Found no POS for lemma stohkkás
Found no POS for lemma runsaspökkelöinen
Found no POS for lemma pökkelöpää
Found no POS for lemma pökkelöityä
Found no POS for lemma tuvansuu
Found no POS for lemma tolpittaa
Found no POS for lemma 
Found no POS for lemma stravdnji
Found no POS for lemma stravnnjas
Found no POS for lemma stravdnje-
Found no POS for lemma streassaluvvat
Found no POS for lemma lakkoilija
Found no POS for lemma strukturalista
Found no POS for lemma strukturalista
Found no POS for lemma strukturálalaš
Found no POS for lemma stryhket
Found no POS for lemma stubbu
Found no POS for lemma stuerta
Found no POS for lemma stuhket
Found no POS for lemma kahakoita
Found no POS for lemma stulaidit
Found no POS for lemma leikkimään
Found no POS for lemma hölskäyttää
Found no POS for lemma hölskähtää
Found no POS for lemma hulautella
Found no POS for lemma stulka-
Found no POS for lemma stumpo-
Found no POS for lemma isoin
Found no POS for lemma isoin
Found no POS for lemma stuorástahkes
Found no POS for lemma suurempi
Found no POS for lemma isompi
Found no POS for lemma suurempi
Found no POS for lemma isompi
Found no POS for lemma stuordoaimmá
Found no POS for lemma stuorisstuoribun
Found no POS for lemma kookkuus
Found no POS for lemma isosilmäinen
Found no POS for lemma kansankäräjät
Found no POS for lemma stuorravuoigŋašat
Found no POS for lemma 
Found no POS for lemma sturce-
Found no POS for lemma sturjjas
Found no POS for lemma sturje-
Found no POS for lemma sturjjár
Found no POS for lemma -sturrosaš
Found no POS for lemma -kokoinen
Found no POS for lemma -suuruinen
Found no POS for lemma liplatella
Found no POS for lemma substantivoida
Found no POS for lemma suddái
Found no POS for lemma suddás
Found no POS for lemma syy
Found no POS for lemma soutukelpoinen
Found no POS for lemma soudatella
Found no POS for lemma soudanta
Found no POS for lemma soutamalla
Found no POS for lemma sakeasarvi
Found no POS for lemma sakeasarvi
Found no POS for lemma kulkuttaa
Found no POS for lemma suhttes
Found no POS for lemma heinitellä
Found no POS for lemma kenkäheinää
Found no POS for lemma kenkäheinää
Found no POS for lemma 
Found no POS for lemma keinuttaen
Found no POS for lemma suittehat
Found no POS for lemma yhdenmukaiset
Found no POS for lemma samankaltaiset
Found no POS for lemma yhdenmukaiset
Found no POS for lemma -sullasaš
Found no POS for lemma -kaltainen
Found no POS for lemma -suuntainen
Found no POS for lemma sulte-
Found no POS for lemma sulto-
Found no POS for lemma kahvinporot
Found no POS for lemma puolustusvoimat
Found no POS for lemma salaisuuden
Found no POS for lemma suohkadis/suhkkes
Found no POS for lemma tuuheus
Found no POS for lemma suohker
Found no POS for lemma suohkkobuvssat
Found no POS for lemma sukkahousut
Found no POS for lemma häijyillä
Found no POS for lemma hoippuen
Found no POS for lemma huojuen
Found no POS for lemma heinityskeppi
Found no POS for lemma suoidnečođgi
Found no POS for lemma viera
Found no POS for lemma suoidnešattut
Found no POS for lemma heinäkasvit
Found no POS for lemma varjottaa
Found no POS for lemma varjottaa
Found no POS for lemma verhottomaksi
Found no POS for lemma seulamainen
Found no POS for lemma seulamainen
Found no POS for lemma sasu
Found no POS for lemma varastuttaa
Found no POS for lemma varastuttaa
Found no POS for lemma varastus
Found no POS for lemma suoldnái
Found no POS for lemma suoldnás
Found no POS for lemma suolggus
Found no POS for lemma suolgu
Found no POS for lemma suollebáhčči
Found no POS for lemma suollebivdi
Found no POS for lemma suollebivdu
Found no POS for lemma suolojeaddjái
Found no POS for lemma runsassaarinen
Found no POS for lemma suolojeaddjás
Found no POS for lemma runsassaarinen
Found no POS for lemma suomat
Found no POS for lemma savupuu
Found no POS for lemma suomut
Found no POS for lemma koristevaljaat
Found no POS for lemma kaariste
Found no POS for lemma pujahdella
Found no POS for lemma suongeri
Found no POS for lemma suongeri
Found no POS for lemma rentustaa
Found no POS for lemma retalehtaa
Found no POS for lemma suontidit
Found no POS for lemma suonte-
Found no POS for lemma suopmadis/submes
Found no POS for lemma suorán
Found no POS for lemma ripustuspuu
Found no POS for lemma runsashaarainen
Found no POS for lemma runsashaarainen
Found no POS for lemma haaralla
Found no POS for lemma haaralle
Found no POS for lemma -suorpmat
Found no POS for lemma suorrái
Found no POS for lemma runsashaarainen
Found no POS for lemma suorrás
Found no POS for lemma runsashaarainen
Found no POS for lemma makeilija
Found no POS for lemma suorte-
Found no POS for lemma sasu
Found no POS for lemma puunrungosta
Found no POS for lemma puunrungosta
Found no POS for lemma suosto-
Found no POS for lemma sasu
Found no POS for lemma suostuluvvat
Found no POS for lemma lemmistyä
Found no POS for lemma monofiiliverkko
Found no POS for lemma suonikuntura
Found no POS for lemma suotnašattut
Found no POS for lemma putkilokasvit
Found no POS for lemma 
Found no POS for lemma pohottaa
Found no POS for lemma savus
Found no POS for lemma savus
Found no POS for lemma savustella
Found no POS for lemma savutella
Found no POS for lemma lihanpalvauspuura
Found no POS for lemma savustuttaa
Found no POS for lemma palvauttaa
Found no POS for lemma savuuntua
Found no POS for lemma palvaantua
Found no POS for lemma kidukset
Found no POS for lemma törkyisenä
Found no POS for lemma suovre-
Found no POS for lemma suovvat
Found no POS for lemma suovvái
Found no POS for lemma suovvás
Found no POS for lemma vaatteilleen
Found no POS for lemma sumeutua
Found no POS for lemma supmu
Found no POS for lemma surgadis/surges
Found no POS for lemma surpá
Found no POS for lemma suruttomaksi
Found no POS for lemma susttohallat
Found no POS for lemma susttohit
Found no POS for lemma sutke
Found no POS for lemma kimoilla
Found no POS for lemma sutna
Found no POS for lemma suttesvuostá
Found no POS for lemma suvdalit
Found no POS for lemma soudatattaa
Found no POS for lemma kantokykyinen
Found no POS for lemma suvlái
Found no POS for lemma höysteinen
Found no POS for lemma suvlás
Found no POS for lemma höysteinen
Found no POS for lemma happamammaksi
Found no POS for lemma utu
Found no POS for lemma auerta
Found no POS for lemma sylinder
Found no POS for lemma sylinderháhtta
Found no POS for lemma sylindermáhtu
Found no POS for lemma sympáhtalaš
Found no POS for lemma synagooga
Found no POS for lemma šaddaneana
Found no POS for lemma 
Found no POS for lemma 
Found no POS for lemma kaltaiseksi
Found no POS for lemma 
Found no POS for lemma 
Found no POS for lemma šaddoeana
Found no POS for lemma šalasmahttit
Found no POS for lemma šalbmái
Found no POS for lemma isosilmäinen
Found no POS for lemma šalbmás
Found no POS for lemma isosilmäinen
Found no POS for lemma šaldet
Found no POS for lemma lumesta
Found no POS for lemma polkeutumaan
Found no POS for lemma tallautumaan
Found no POS for lemma šalladis/šalles
Found no POS for lemma siljo
Found no POS for lemma puu
Found no POS for lemma neulansilmään
Found no POS for lemma vähäkasvuisuus
Found no POS for lemma haukahdella
Found no POS for lemma 
Found no POS for lemma rapsautella
Found no POS for lemma kohistaa
Found no POS for lemma pölläytellä
Found no POS for lemma loiskautella
Found no POS for lemma loiskautella
Found no POS for lemma pölläytellä
Found no POS for lemma šeabmái
Found no POS for lemma šeabmás
Found no POS for lemma šeaffastallat
Found no POS for lemma kirkkaana
Found no POS for lemma kirkkaana
Found no POS for lemma uunista
Found no POS for lemma uunista
Found no POS for lemma hälisijä
Found no POS for lemma hälisten
Found no POS for lemma kailottaen
Found no POS for lemma šearčut
Found no POS for lemma serččodit
Found no POS for lemma šearralahttit
Found no POS for lemma šearradis/šerres
Found no POS for lemma ele
Found no POS for lemma rusennella
Found no POS for lemma muserrella
Found no POS for lemma šelea
Found no POS for lemma ruhjaista
Found no POS for lemma rusennella
Found no POS for lemma šieđvudit
Found no POS for lemma šieđvut
Found no POS for lemma šieđvvas
Found no POS for lemma šieđva
Found no POS for lemma šieđvvidit
Found no POS for lemma šiegudit
Found no POS for lemma rauhassa
Found no POS for lemma rauhassa
Found no POS for lemma rauhassa
Found no POS for lemma rauhassa
Found no POS for lemma kiireettä
Found no POS for lemma rauhassa
Found no POS for lemma kiireettä
Found no POS for lemma rauhassa
Found no POS for lemma 
Found no POS for lemma 
Found no POS for lemma 
Found no POS for lemma 
Found no POS for lemma šikhuvssa
Found no POS for lemma vaientamaksi
Found no POS for lemma hätistämäksi
Found no POS for lemma siljoporo
Found no POS for lemma šilljobarut
Found no POS for lemma šilljobaruhis
Found no POS for lemma šilljoduoddil
Found no POS for lemma kylteillä
Found no POS for lemma opasteilla
Found no POS for lemma šlabbi
Found no POS for lemma šlábmii
Found no POS for lemma šlábmes
Found no POS for lemma vähälajisuus
Found no POS for lemma teurastuttaa
Found no POS for lemma šlárvaluvvat
Found no POS for lemma šláttaris
Found no POS for lemma šleaččas
Found no POS for lemma šleađga-
Found no POS for lemma šleađgadit
Found no POS for lemma välkytellä
Found no POS for lemma šleađgit
Found no POS for lemma šleađus
Found no POS for lemma ruokottomuuksia
Found no POS for lemma šleaipi
Found no POS for lemma hutkaista
Found no POS for lemma untuvaton
Found no POS for lemma šleakčáhallat
Found no POS for lemma nulppo
Found no POS for lemma šleakčulit
Found no POS for lemma šleance-
Found no POS for lemma šleaŋganit
Found no POS for lemma šleaŋgudit
Found no POS for lemma šleavččagit
Found no POS for lemma šleavččas
Found no POS for lemma šleakče-
Found no POS for lemma šleavččuhit
Found no POS for lemma šleažži
Found no POS for lemma šleđđui
Found no POS for lemma tasankoinen
Found no POS for lemma šleđđos
Found no POS for lemma tasankoinen
Found no POS for lemma rivouksia
Found no POS for lemma ruokottomuuksia
Found no POS for lemma šleidui
Found no POS for lemma šleidos
Found no POS for lemma šleŋgge
Found no POS for lemma nakkoja
Found no POS for lemma paiskoja
Found no POS for lemma helmanheiluttaja
Found no POS for lemma retalehtaa
Found no POS for lemma slieddá
Found no POS for lemma velttona
Found no POS for lemma šliitanuvvat
Found no POS for lemma kuolaantua
Found no POS for lemma veltoksi
Found no POS for lemma šlimpe-
Found no POS for lemma šlince-
Found no POS for lemma šlinci
Found no POS for lemma šlinze-
Found no POS for lemma šliŋggastit
Found no POS for lemma šliret
Found no POS for lemma šlivge-
Found no POS for lemma šlivge-
Found no POS for lemma šlivgge
Found no POS for lemma hulmuten
Found no POS for lemma šloabmái
Found no POS for lemma šloabmás
Found no POS for lemma šloagit
Found no POS for lemma perkeet
Found no POS for lemma šloagut
Found no POS for lemma perkeet
Found no POS for lemma šloahcca
Found no POS for lemma löntystämään
Found no POS for lemma šloaipi
Found no POS for lemma šloaippas
Found no POS for lemma šloaipe-
Found no POS for lemma šloaippuhit
Found no POS for lemma laihana
Found no POS for lemma šloanccagit
Found no POS for lemma veltoksi
Found no POS for lemma šloance-
Found no POS for lemma šloancut
Found no POS for lemma laiskanoloinen
Found no POS for lemma lonksauttaa
Found no POS for lemma hutkauttaa
Found no POS for lemma roihauttaa
Found no POS for lemma roihahdus
Found no POS for lemma šloavggas
Found no POS for lemma löntys
Found no POS for lemma löntystäjä
Found no POS for lemma šloŋgui
Found no POS for lemma šloŋgos
Found no POS for lemma hutkauttaa
Found no POS for lemma pönäkkänä
Found no POS for lemma kurikoida
Found no POS for lemma šlubboaivvat
Found no POS for lemma šluččuhus
Found no POS for lemma rökälehtää
Found no POS for lemma šluhpa
Found no POS for lemma apeana
Found no POS for lemma apeana
Found no POS for lemma apeana
Found no POS for lemma lupassa
Found no POS for lemma šluŋke-
Found no POS for lemma kavalammaksi
Found no POS for lemma šlubbo-
Found no POS for lemma šluppohastit
Found no POS for lemma šlurbbas
Found no POS for lemma lökäpöksyinen
Found no POS for lemma lökäpöksyinen
Found no POS for lemma šlurbbuhit
Found no POS for lemma retkuna
Found no POS for lemma šluvgasaddat
Found no POS for lemma /em>tukistaa
Found no POS for lemma likomäräksi
Found no POS for lemma likomäräksi
Found no POS for lemma šnjarvadit
Found no POS for lemma likomäräksi
Found no POS for lemma šnjilžoborgi
Found no POS for lemma šnjilčut
Found no POS for lemma suhistaa
Found no POS for lemma viuhkia
Found no POS for lemma snjoarggehit
Found no POS for lemma liristen
Found no POS for lemma loristen
Found no POS for lemma 
Found no POS for lemma suorana
Found no POS for lemma šnjuohpardit
Found no POS for lemma keulasta
Found no POS for lemma suoranokkaiseksi
Found no POS for lemma šnjuogge-
Found no POS for lemma 
Found no POS for lemma suorana
Found no POS for lemma šoaládat
Found no POS for lemma jokkalo
Found no POS for lemma jokeen
Found no POS for lemma pitkälehtikihokki
Found no POS for lemma šođbbuhis
Found no POS for lemma šođbu
Found no POS for lemma höpöttäjä
Found no POS for lemma šolven
Found no POS for lemma šorda
Found no POS for lemma šuđđái
Found no POS for lemma šuđđás
Found no POS for lemma šuđđit
Found no POS for lemma šuhčut
Found no POS for lemma šuhpihit
Found no POS for lemma jälkiä
Found no POS for lemma šumpo-
Found no POS for lemma šuohkáhus
Found no POS for lemma šuoibmut
Found no POS for lemma šuokkastatlađas
Found no POS for lemma šuokkastit
Found no POS for lemma šurgalit
Found no POS for lemma surauttaa
Found no POS for lemma šurihit
Found no POS for lemma šurrái
Found no POS for lemma šurrás
Found no POS for lemma hurautella
Found no POS for lemma viuhautella
Found no POS for lemma suhautella
Found no POS for lemma valiokoira
Found no POS for lemma 
Found no POS for lemma táhkka
Found no POS for lemma kiitti!
Found no POS for lemma tattis!
Found no POS for lemma taljaa
Found no POS for lemma väkipyörällä
Found no POS for lemma táŋggat
Found no POS for lemma pihdit
Found no POS for lemma táŋgu
Found no POS for lemma teadjalihtit
Found no POS for lemma teeastiat
Found no POS for lemma tearen
Found no POS for lemma tehppen
Found no POS for lemma telegrafista
Found no POS for lemma teleskohppa
Found no POS for lemma tempo
Found no POS for lemma tenná
Found no POS for lemma tenor
Found no POS for lemma tenteret
Found no POS for lemma teorema
Found no POS for lemma termit
Found no POS for lemma termostáhtta
Found no POS for lemma tetánus
Found no POS for lemma tevdnedaddat
Found no POS for lemma toffel
Found no POS for lemma tortá
Found no POS for lemma traditionála
Found no POS for lemma tragihkka
Found no POS for lemma tráiler
Found no POS for lemma kottikärryt
Found no POS for lemma trimma
Found no POS for lemma trimmi
Found no POS for lemma truvdna
Found no POS for lemma tuljas
Found no POS for lemma mátki
Found no POS for lemma TV
Found no POS for lemma töija
Found no POS for lemma ujostua
Found no POS for lemma udnokuššat
Found no POS for lemma suopaisuus
Found no POS for lemma suopuus
Found no POS for lemma suopaisuus
Found no POS for lemma suopuus
Found no POS for lemma utami
Found no POS for lemma ufiddin
Found no POS for lemma unnagielagaš
Found no POS for lemma unnahastit
Found no POS for lemma pienennellä
Found no POS for lemma pienennellä
Found no POS for lemma uhcádus
Found no POS for lemma unnádus
Found no POS for lemma hivenen
Found no POS for lemma hivenen
Found no POS for lemma hiukkasen
Found no POS for lemma hiukkasen
Found no POS for lemma uhccándiđot
Found no POS for lemma vähätietoinen
Found no POS for lemma unnándiđot
Found no POS for lemma vähätietoinen
Found no POS for lemma uhccánfihtot
Found no POS for lemma unnánfihtot
Found no POS for lemma vähästä
Found no POS for lemma vähästä
Found no POS for lemma 
Found no POS for lemma vähintäinkin
Found no POS for lemma vähintäinkin
Found no POS for lemma vähintäinkin
Found no POS for lemma vähintäinkin
Found no POS for lemma vähintäinkin
Found no POS for lemma vähintäinkin
Found no POS for lemma pienempi
Found no POS for lemma pienempi
Found no POS for lemma uhrolaš
Found no POS for lemma uhter
Found no POS for lemma 
Found no POS for lemma ovi
Found no POS for lemma ovipermikkä
Found no POS for lemma ovempaa
Found no POS for lemma aie
Found no POS for lemma aie
Found no POS for lemma ulládit
Found no POS for lemma ullobuvssat
Found no POS for lemma ullui
Found no POS for lemma runsasvillainen
Found no POS for lemma ullos
Found no POS for lemma runsasvillainen
Found no POS for lemma umaidit
Found no POS for lemma unifoarbma
Found no POS for lemma unna-
Found no POS for lemma -
Found no POS for lemma jna.
Found no POS for lemma -
Found no POS for lemma jna.
Found no POS for lemma -
Found no POS for lemma jna.
Found no POS for lemma -
Found no POS for lemma jna.
Found no POS for lemma unsa
Found no POS for lemma urbbiidit
Found no POS for lemma urbidit
Found no POS for lemma kituliaaksi
Found no POS for lemma urdnut
Found no POS for lemma urut
Found no POS for lemma urmáhkar
Found no POS for lemma uru
Found no POS for lemma ovea
Found no POS for lemma ovenseudussa
Found no POS for lemma ovenseudusta
Found no POS for lemma ovensuussa
Found no POS for lemma ovensuusta
Found no POS for lemma ovea
Found no POS for lemma uspar
Found no POS for lemma ustibaččat
Found no POS for lemma ystävykset
Found no POS for lemma uistimeen
Found no POS for lemma suomaton
Found no POS for lemma suomaton
Found no POS for lemma uvhnnádat
Found no POS for lemma uvjalinis
Found no POS for lemma uvjalitna
Found no POS for lemma uvssahat
Found no POS for lemma -uvssat
Found no POS for lemma -ovinen
Found no POS for lemma ovi
Found no POS for lemma uvssotmuorat
Found no POS for lemma uvulára
Found no POS for lemma uvulaari
Found no POS for lemma vadjáluhkes
Found no POS for lemma vagina
Found no POS for lemma vaginabaksamat
Found no POS for lemma häpyhuulet
Found no POS for lemma vitinen
Found no POS for lemma vitinen
Found no POS for lemma vahccii
Found no POS for lemma vitinen
Found no POS for lemma vahcces
Found no POS for lemma vitinen
Found no POS for lemma rassuttaa
Found no POS for lemma ruopsuttaa
Found no POS for lemma riuskemmaksi
Found no POS for lemma rivakammaksi
Found no POS for lemma viikkokauden
Found no POS for lemma viikkokausia
Found no POS for lemma vai
Found no POS for lemma 
Found no POS for lemma 
Found no POS for lemma 
Found no POS for lemma 
Found no POS for lemma vatna
Found no POS for lemma 
Found no POS for lemma kontta
Found no POS for lemma valgut
Found no POS for lemma valvat
Found no POS for lemma vanilljá
Found no POS for lemma vereskeitto
Found no POS for lemma -varat
Found no POS for lemma -verinen
Found no POS for lemma polttarit
Found no POS for lemma veressä
Found no POS for lemma verillä
Found no POS for lemma verisenä
Found no POS for lemma verenkarvainen
Found no POS for lemma verenkarvainen
Found no POS for lemma varrii
Found no POS for lemma tarkoituksella
Found no POS for lemma vasmmuhit
Found no POS for lemma vassot
Found no POS for lemma vašástit
Found no POS for lemma vaššiságat
Found no POS for lemma vihoittua
Found no POS for lemma vatnil
Found no POS for lemma tarttumaan
Found no POS for lemma tarttuilla
Found no POS for lemma vavžulit
Found no POS for lemma vavžut
Found no POS for lemma rassutella
Found no POS for lemma ruopsutella
Found no POS for lemma ruopsuttaa
Found no POS for lemma kävelytellä
Found no POS for lemma kävelytellä
Found no POS for lemma vitsata
Found no POS for lemma vitsastella
Found no POS for lemma vitsata
Found no POS for lemma vitsastaa
Found no POS for lemma váccáskit
Found no POS for lemma huikonen
Found no POS for lemma váččastallat
Found no POS for lemma vádjaguššat
Found no POS for lemma rotevoitua
Found no POS for lemma váhkkái
Found no POS for lemma runsaspoukamainen
Found no POS for lemma váhkkás
Found no POS for lemma runsaspoukamainen
Found no POS for lemma váhtot
Found no POS for lemma vaipukka
Found no POS for lemma váibbihit
Found no POS for lemma huonovatsainen
Found no POS for lemma sydänoireet
Found no POS for lemma váibohallat
Found no POS for lemma valittamaan
Found no POS for lemma ilmiantamaksi
Found no POS for lemma vajaat
Found no POS for lemma vajaana
Found no POS for lemma antaumuksella
Found no POS for lemma váimmoguovdo-
Found no POS for lemma sydämenmuotoinen
Found no POS for lemma váimmosciehppi
Found no POS for lemma váimmot
Found no POS for lemma váinnehaš
Found no POS for lemma váinnuhaš
Found no POS for lemma 
Found no POS for lemma vaivalloisena
Found no POS for lemma váktil
Found no POS for lemma valmiiksi
Found no POS for lemma valmiina
Found no POS for lemma valmiiksi
Found no POS for lemma valmiina
Found no POS for lemma riitelemään
Found no POS for lemma riitelemään
Found no POS for lemma váldái
Found no POS for lemma váldás
Found no POS for lemma pidättämäksi
Found no POS for lemma omistella
Found no POS for lemma ote
Found no POS for lemma pääsosa
Found no POS for lemma rykimäajan
Found no POS for lemma váljagálvvut
Found no POS for lemma valmmasvuohta
Found no POS for lemma riittämättömänä
Found no POS for lemma vánhemahtes
Found no POS for lemma orpona
Found no POS for lemma orvoksi
Found no POS for lemma orpona
Found no POS for lemma orvoksi
Found no POS for lemma vánhemastalit
Found no POS for lemma vanhemmiksi
Found no POS for lemma vanhemmiksi
Found no POS for lemma vanhemmat
Found no POS for lemma vanhemmat
Found no POS for lemma vánhenguovttos
Found no POS for lemma váhnenguovttos
Found no POS for lemma vánimus
Found no POS for lemma niukempi
Found no POS for lemma varoen
Found no POS for lemma váraštit
Found no POS for lemma váreštit
Found no POS for lemma várdi
Found no POS for lemma várgu
Found no POS for lemma várggus
Found no POS for lemma várre-
Found no POS for lemma vaaranpää
Found no POS for lemma 
Found no POS for lemma varsoittaa
Found no POS for lemma surkeaksi
Found no POS for lemma tarkkahavaintoinen
Found no POS for lemma tarkoituksella
Found no POS for lemma huonosilmäinen
Found no POS for lemma niukkenemaan
Found no POS for lemma vähentymään
Found no POS for lemma vähenemään
Found no POS for lemma vaunut
Found no POS for lemma vaunut
Found no POS for lemma vaulohärkä
Found no POS for lemma 
Found no POS for lemma lieassapitopaikka
Found no POS for lemma lieata
Found no POS for lemma olo
Found no POS for lemma olo
Found no POS for lemma voimat
Found no POS for lemma tuulenpaljastama
Found no POS for lemma veađđár
Found no POS for lemma lumeton
Found no POS for lemma lannoittamaton
Found no POS for lemma lannoittamaton
Found no POS for lemma viljavoitua
Found no POS for lemma avustella
Found no POS for lemma avustella
Found no POS for lemma veahkájolaš
Found no POS for lemma yhteistyössä
Found no POS for lemma apu
Found no POS for lemma laimeasti
Found no POS for lemma sitomaksi
Found no POS for lemma veaikái
Found no POS for lemma veaikás
Found no POS for lemma hiiteen
Found no POS for lemma veaittalas-
Found no POS for lemma paimentamaton
Found no POS for lemma veaiddalas-
Found no POS for lemma paimentamaton
Found no POS for lemma paimentamattomana
Found no POS for lemma vapaana
Found no POS for lemma vapaaksi
Found no POS for lemma paimentamattomana
Found no POS for lemma vapaana
Found no POS for lemma vapaaksi
Found no POS for lemma paimentamattomana
Found no POS for lemma vapaana
Found no POS for lemma vapaaksi
Found no POS for lemma paimentamattomana
Found no POS for lemma vapaana
Found no POS for lemma vapaaksi
Found no POS for lemma paimentamaton
Found no POS for lemma paimentamaton
Found no POS for lemma evä
Found no POS for lemma kaltoinkohtelu
Found no POS for lemma lipsuvakätinen
Found no POS for lemma vealče-
Found no POS for lemma lipsuvakätinen
Found no POS for lemma velaksi
Found no POS for lemma velkaa
Found no POS for lemma vealit
Found no POS for lemma vealihis
Found no POS for lemma ero
Found no POS for lemma vaakasuorassa
Found no POS for lemma vaakasuoraan
Found no POS for lemma vealsut
Found no POS for lemma vealtadahkes
Found no POS for lemma väänteellä
Found no POS for lemma väänteelle
Found no POS for lemma veanze-
Found no POS for lemma harkia
Found no POS for lemma veardnái
Found no POS for lemma veardnás
Found no POS for lemma aseistua
Found no POS for lemma ase
Found no POS for lemma pahin
Found no POS for lemma vearregárvvut
Found no POS for lemma jae
Found no POS for lemma -arvoinen
Found no POS for lemma liivit
Found no POS for lemma veasta-
Found no POS for lemma lännenpää
Found no POS for lemma lännessä
Found no POS for lemma lännestä
Found no POS for lemma lännestä
Found no POS for lemma veasttamus
Found no POS for lemma veasttamusas
Found no POS for lemma läntisimpänä
Found no POS for lemma veasttamussii
Found no POS for lemma läntisimmäksi
Found no POS for lemma länteen
Found no POS for lemma veaššat
Found no POS for lemma veattet
Found no POS for lemma lieassa
Found no POS for lemma autosta
Found no POS for lemma lämmittimenjohdossa
Found no POS for lemma 
Found no POS for lemma vedjor
Found no POS for lemma sivakkakelkka
Found no POS for lemma vegána
Found no POS for lemma vegetarista
Found no POS for lemma hivenen
Found no POS for lemma hivenen
Found no POS for lemma laimealta
Found no POS for lemma raskashoitoinen
Found no POS for lemma raskashoitoinen
Found no POS for lemma veigii
Found no POS for lemma veiges
Found no POS for lemma veivari
Found no POS for lemma velaksi
Found no POS for lemma velaksi
Found no POS for lemma velaksi
Found no POS for lemma veneralaš
Found no POS for lemma väänteeseen
Found no POS for lemma kaverukset
Found no POS for lemma toverukset
Found no POS for lemma ystävykset
Found no POS for lemma verjui
Found no POS for lemma runsasaseinen
Found no POS for lemma verjos
Found no POS for lemma runsasaseinen
Found no POS for lemma vearrá
Found no POS for lemma veterinára
Found no POS for lemma vidnjet
Found no POS for lemma viđas
Found no POS for lemma viđádassii
Found no POS for lemma viidenneksi
Found no POS for lemma viidenneksi
Found no POS for lemma viđádastit
Found no POS for lemma viđadastit
Found no POS for lemma viđádis
Found no POS for lemma viđát
Found no POS for lemma viđat
Found no POS for lemma noutamaksi
Found no POS for lemma noutamaan
Found no POS for lemma noudella
Found no POS for lemma vieggasaddat
Found no POS for lemma juoksemalla
Found no POS for lemma vieko
Found no POS for lemma viehpat
Found no POS for lemma vieksádat
Found no POS for lemma valkeana
Found no POS for lemma valkeana
Found no POS for lemma vaalennin
Found no POS for lemma valkeana
Found no POS for lemma valkeana
Found no POS for lemma valkeana
Found no POS for lemma valkeana
Found no POS for lemma valkeana
Found no POS for lemma 
Found no POS for lemma veljeksi
Found no POS for lemma veljekset
Found no POS for lemma vieljažagat
Found no POS for lemma veljekset
Found no POS for lemma viellái
Found no POS for lemma viellás
Found no POS for lemma 
Found no POS for lemma 
Found no POS for lemma velipuolet
Found no POS for lemma veljesmaa
Found no POS for lemma vielljaveardásaš
Found no POS for lemma vierastella
Found no POS for lemma puuhkalla
Found no POS for lemma puuhkalla
Found no POS for lemma puuhkaton
Found no POS for lemma puuhkaton
Found no POS for lemma vierrásiidlegiovdna
Found no POS for lemma vieroporo
Found no POS for lemma perinteelliseksi
Found no POS for lemma 
Found no POS for lemma 
Found no POS for lemma poikkikirves
Found no POS for lemma telso
Found no POS for lemma hakaista
Found no POS for lemma -vigat
Found no POS for lemma -vikainen
Found no POS for lemma kuusta
Found no POS for lemma auringosta
Found no POS for lemma 
Found no POS for lemma hääasu
Found no POS for lemma vihkiäiset
Found no POS for lemma vihkiäiset
Found no POS for lemma käesverkko
Found no POS for lemma vihildit
Found no POS for lemma kuusta
Found no POS for lemma auringosta
Found no POS for lemma 
Found no POS for lemma kuusta
Found no POS for lemma auringosta
Found no POS for lemma 
Found no POS for lemma punnituttaa
Found no POS for lemma punnituttaa
Found no POS for lemma viekoinen
Found no POS for lemma vihttalogi
Found no POS for lemma viisikymmentä
Found no POS for lemma vihttanuppelogát
Found no POS for lemma viidestoista
Found no POS for lemma vihttanuppelohkái
Found no POS for lemma viisitoista
Found no POS for lemma laajempi
Found no POS for lemma laajempi
Found no POS for lemma 
Found no POS for lemma laajuudeltaan
Found no POS for lemma humalaan
Found no POS for lemma -viidosaš
Found no POS for lemma -laajuinen
Found no POS for lemma viinnastallat
Found no POS for lemma viippahat
Found no POS for lemma viisaana
Found no POS for lemma tolkuttomaksi
Found no POS for lemma vikariáhtta
Found no POS for lemma viipsi
Found no POS for lemma vilbeležat
Found no POS for lemma riehakkaaksi
Found no POS for lemma villaluvvat
Found no POS for lemma ajattelematta
Found no POS for lemma pälyilijä
Found no POS for lemma vilkuilija
Found no POS for lemma vinosarvi
Found no POS for lemma virdái
Found no POS for lemma virtava
Found no POS for lemma virdás
Found no POS for lemma virtava
Found no POS for lemma virkavuodet
Found no POS for lemma viranomaiset
Found no POS for lemma viranomaiset
Found no POS for lemma virggisdoaibmi
Found no POS for lemma virggohallat
Found no POS for lemma teniä
Found no POS for lemma virgidit
Found no POS for lemma teniä
Found no POS for lemma virsa
Found no POS for lemma varmemmaksi
Found no POS for lemma virtuaali
Found no POS for lemma patvi
Found no POS for lemma vistebázahusat
Found no POS for lemma višaldahttit
Found no POS for lemma ahkerahko
Found no POS for lemma evä
Found no POS for lemma vävyksi
Found no POS for lemma vävyineen
Found no POS for lemma vivašguovttos
Found no POS for lemma vokaalisto
Found no POS for lemma lastenvaunuissa
Found no POS for lemma yliajamaksi
Found no POS for lemma perustavanlaatuinen
Found no POS for lemma kiertelemättä
Found no POS for lemma oikaisematon
Found no POS for lemma vuiteš
Found no POS for lemma vuites
Found no POS for lemma vuittohallat
Found no POS for lemma voittamaksi
Found no POS for lemma vullešvahkku
Found no POS for lemma vulo-
Found no POS for lemma vuolá-
Found no POS for lemma vuorso
Found no POS for lemma runsasvuomainen
Found no POS for lemma runsasvuomainen
Found no POS for lemma voissa
Found no POS for lemma rasvassa
Found no POS for lemma vuodjanbuvssat
Found no POS for lemma rasvohappo
Found no POS for lemma ajo
Found no POS for lemma ajo
Found no POS for lemma vudnii
Found no POS for lemma vudnes
Found no POS for lemma soveliaana
Found no POS for lemma vuohku
Found no POS for lemma appineen
Found no POS for lemma vuottoraippa
Found no POS for lemma sääolosuhteet
Found no POS for lemma jälkiä
Found no POS for lemma jäljet
Found no POS for lemma vuoidaseaddjái
Found no POS for lemma vuoidaseaddjás
Found no POS for lemma voiteessa
Found no POS for lemma vuoidnit
Found no POS for lemma vuoigatvuođaheapme
Found no POS for lemma vuoigatvuođahis
Found no POS for lemma todenmukaisemmin
Found no POS for lemma suoremmin
Found no POS for lemma rehdimmäksi
Found no POS for lemma vilpittömämmäksi
Found no POS for lemma aivot
Found no POS for lemma vuoigŋašat
Found no POS for lemma aivot
Found no POS for lemma voimaa
Found no POS for lemma voimaannuttaa
Found no POS for lemma voimaa
Found no POS for lemma voimiaan
Found no POS for lemma vuoiŋŋamaččat
Found no POS for lemma aivot
Found no POS for lemma vuoiŋŋanávccat
Found no POS for lemma hengenlahjat
Found no POS for lemma levähdellä
Found no POS for lemma vuoiŋŋádit
Found no POS for lemma vuoiŋŋádus
Found no POS for lemma vihlonta
Found no POS for lemma vuoitosihkkar
Found no POS for lemma vuojadanbuvssat
Found no POS for lemma voiton
Found no POS for lemma voiton
Found no POS for lemma sorsalinnut
Found no POS for lemma yliajamaksi
Found no POS for lemma vuojáskit
Found no POS for lemma ajo
Found no POS for lemma tokanajo
Found no POS for lemma ajamalla
Found no POS for lemma ajaen
Found no POS for lemma vuojiheapme
Found no POS for lemma vuojihis
Found no POS for lemma vajoamaton
Found no POS for lemma vajoamaton
Found no POS for lemma liinavuus
Found no POS for lemma liinata
Found no POS for lemma liinata
Found no POS for lemma 
Found no POS for lemma höyläillä
Found no POS for lemma helpe
Found no POS for lemma helpehtiä
Found no POS for lemma höyläämätön
Found no POS for lemma alennella
Found no POS for lemma vuolásteaddji
Found no POS for lemma vuolástit
Found no POS for lemma vuolbuvssat
Found no POS for lemma alushousut
Found no POS for lemma juurelta
Found no POS for lemma alaisuudessa
Found no POS for lemma alaisuudesta
Found no POS for lemma vuolgát
Found no POS for lemma vuolggahit
Found no POS for lemma lähtömaa
Found no POS for lemma matalammaksi
Found no POS for lemma matalammalla
Found no POS for lemma vuolildus
Found no POS for lemma alusvaatteet
Found no POS for lemma enteenä
Found no POS for lemma 
Found no POS for lemma alaisuuteen
Found no POS for lemma 
Found no POS for lemma alaisuuteen
Found no POS for lemma vuollastit
Found no POS for lemma vuollebánit
Found no POS for lemma vuollebázalaš
Found no POS for lemma vuolláibázalaš
Found no POS for lemma vuolleeana
Found no POS for lemma vuolleváimmut
Found no POS for lemma kivekset
Found no POS for lemma alapuolitse
Found no POS for lemma alusvaatteet
Found no POS for lemma vuolosbuvssat
Found no POS for lemma alushousut
Found no POS for lemma vuolosdávda
Found no POS for lemma vuolosrátnu
Found no POS for lemma vuolosváldi
Found no POS for lemma vuononsuu
Found no POS for lemma vuoncavaris
Found no POS for lemma polttarit
Found no POS for lemma kuonoke
Found no POS for lemma 
Found no POS for lemma vuomen
Found no POS for lemma vuoman
Found no POS for lemma 
Found no POS for lemma vuomen
Found no POS for lemma vuopmadis/vubmes
Found no POS for lemma vuoma
Found no POS for lemma vuoma
Found no POS for lemma arpajaiset
Found no POS for lemma vuorbái
Found no POS for lemma vuorbás
Found no POS for lemma arpajaiset
Found no POS for lemma osa
Found no POS for lemma vuorddáhas-
Found no POS for lemma 
Found no POS for lemma vuorddáhus-
Found no POS for lemma 
Found no POS for lemma ruinaaja
Found no POS for lemma kerjääjä
Found no POS for lemma harvalukuisena
Found no POS for lemma tallettelu
Found no POS for lemma talletella
Found no POS for lemma pulaan
Found no POS for lemma pulaan
Found no POS for lemma vuortnohit
Found no POS for lemma vuoroin
Found no POS for lemma vuossi
Found no POS for lemma vuossu
Found no POS for lemma palkeet
Found no POS for lemma vuostákáffe
Found no POS for lemma vuostálastinnávccat
Found no POS for lemma vastale
Found no POS for lemma vuostániibi
Found no POS for lemma vuosteeana
Found no POS for lemma hangoittelu
Found no POS for lemma vuosttas
Found no POS for lemma vuosttaš
Found no POS for lemma vuosttasluohkkálaš
Found no POS for lemma vuosttasriegádan
Found no POS for lemma esikois-
Found no POS for lemma esikois-
Found no POS for lemma sateesta
Found no POS for lemma tuulesta
Found no POS for lemma vastale
Found no POS for lemma vuononsuu
Found no POS for lemma anopiksi
Found no POS for lemma litteävita
Found no POS for lemma uuttukyyhy
Found no POS for lemma paljoruokainen
Found no POS for lemma paljoruokainen
Found no POS for lemma vuovddálmasat
Found no POS for lemma myyjäiset
Found no POS for lemma vuovdeeana
Found no POS for lemma metsään
Found no POS for lemma myynnissä
Found no POS for lemma liinata
Found no POS for lemma -vuovttat
Found no POS for lemma -hiuksinen
Found no POS for lemma -tukkainen
Found no POS for lemma kauteella
Found no POS for lemma kiilalla
Found no POS for lemma kauteella
Found no POS for lemma kaude
Found no POS for lemma vurkkodangolut
Found no POS for lemma säilytyskustannukset
Found no POS for lemma tallennella
Found no POS for lemma talletella
Found no POS for lemma vuorottainen
Found no POS for lemma vastale
